0,0.9671428571428569
"[1.3403430606649986, 0.6430449484202208, 0.2014818593753671, 1.7565427984696365, 0.6457751047399325, 1.123520361390746, 1.0472807870686376, 1.312668498593464, 1.523382116536506]",0.9785714285714285
0,0.9671428571428569
"[0.942962809319698, 0.8591196342313592, 1.937676841594597, 0.38054526268205935, 0.10082061132384523, 0.1338468039416858, 1.7309790964965184, 1.5206386712663977, 1.7666963818028054]",0.9785714285714285
0,0.9671428571428569
"[0.7964436852317052, 0.9412134139222368, 0.12499384343461228, 0.7857961100344804, 1.9136095146262868, 0.9126690926531364, 0.8820329224550112, 0.9632797656069447, 1.8597449566859807]",0.9285714285714286
0,0.9671428571428569
"[1.6199837289374432, 1.4712664952477919, 0.3372907796197864, 0.1666609739423317, 0.6228494974288097, 0.6580814319682549, 1.073633806624567, 0.9087921372798542, 0.06814674048685188]",0.9642857142857143
0,0.9671428571428569
"[0.5069927821952507, 1.6022859933900058, 1.0741442853763141, 1.822504331488526, 0.5332007032537434, 1.5294492352965197, 1.9295219001174193, 1.1867311419020392, 1.9748220677449204]",0.9571428571428572
0,0.9671428571428569
"[1.7892547398218055, 1.0165936949629106, 1.6335764510793096, 0.6962426632467784, 0.09192806183593394, 0.4300541428017084, 1.0953949943935295, 0.08025567853944016, 1.528725266440152]",0.9642857142857143
0,0.9671428571428569
"[0.2576789008290785, 0.11839126876458983, 1.5174989042924103, 1.3065140577809633, 1.3895082148987117, 0.6645550533665203, 0.5443872044651776, 1.2649389492296723, 0.050767903322566976]",0.9785714285714285
0,0.9671428571428569
"[0.01951732056704114, 0.11759424408720642, 1.9188774525536068, 0.16847446998589843, 1.6798170948732218, 1.8979493121717599, 0.660480488485665, 0.6934395377236184, 0.23899795369936472]",0.9785714285714285
0,0.9671428571428569
"[0.09788208209522042, 1.9639053845554146, 0.6796984169039477, 1.1958455039136073, 1.5903128332575256, 0.7177531605463392, 1.027929924915552, 0.7097166549901286, 1.4064818633124017]",0.9642857142857143
0,0.9671428571428569
1,0.9785714285714284
"[12.817887473991247, 7.159146427905458, 3.839470063077008, 11.927662367367226, 7.6764613020280255, 8.237328450698143, 6.750574301626885, 7.478051519174797, 9.992594569791626]",0.9785714285714285
1,0.9785714285714284
"[12.817887473991247, 7.159146427905458, 3.839470063077008, 11.927662367367226, 7.6764613020280255, 8.237328450698143, 6.750574301626885, 7.478051519174797, 9.992594569791626]",0.9785714285714285
1,0.9785714285714284
"[11.361290469910921, 5.61319495564601, 3.6471801401343313, 12.390394869137179, 6.752510748065655, 7.6431434702227765, 5.641860053049845, 9.593391472184226, 8.321075164617083]",0.9785714285714285
1,0.9785714285714284
"[10.810494017263633, 6.109638018042519, 4.296199952084025, 9.651221259139932, 7.016937635105077, 6.882283951184824, 6.731238488149122, 8.959718521417582, 11.49779088493056]",0.9785714285714285
1,0.9785714285714284
"[10.810494017263633, 6.109638018042519, 4.296199952084025, 9.651221259139932, 7.016937635105077, 6.882283951184824, 6.731238488149122, 8.959718521417582, 11.49779088493056]",0.9785714285714285
1,0.9785714285714284
"[8.513635532183756, 2.2504905304711875, 1.471919647982874, 7.657654036352506, 3.8781100776825435, 4.3329182663124, 5.025138963943439, 7.348913468556747, 6.375102924069376]",0.9785714285714285
1,0.9785714285714284
"[3.510370208631784, 2.400402445388179, 4.140591242491023, 3.5209376698355763, 3.6298075629279953, 5.003637901008849, 3.600216766015226, 3.6196041334650046, 0.5171011081328103]",0.9785714285714285
1,0.9785714285714284
"[3.258093479186828, 3.7242015859825086, 0.8993471174723313, 0.33168620508956925, 1.1205311056852176, 1.7040477719880105, 2.5267675341934535, 2.270996209958074, 0.16431522750167757]",0.9785714285714285
1,0.9785714285714284
"[3.258093479186828, 3.7242015859825086, 0.8993471174723313, 0.33168620508956925, 1.1205311056852176, 1.7040477719880105, 2.5267675341934535, 2.270996209958074, 0.16431522750167757]",0.9785714285714285
1,0.9785714285714284
2,0.9785714285714284
"[47.79563835829638, 28.212391073026634, 18.2784524449226, 55.298524313870246, 27.66182689210533, 27.69317883035559, 21.54342728774206, 48.91400024337499, 47.82509798498446]",0.9785714285714285
2,0.9785714285714284
"[45.21403319339561, 37.01324308317307, 19.87573646306012, 53.65792105643706, 28.357261583403904, 29.795730284321383, 23.93919227255906, 36.890095302180015, 45.17780666462529]",0.9785714285714285
2,0.9785714285714284
"[44.585916065452466, 22.51035696982099, 15.158951930959196, 48.3710664042005, 35.02810546704201, 46.66757967749086, 16.097251127559904, 44.53608225038789, 42.63690319727773]",0.9785714285714285
2,0.9785714285714284
"[36.76125891744105, 33.799527852387754, 17.866360642972936, 55.16018398948507, 45.96245263671352, 38.66953601231331, 44.818522850528254, 26.859054941812744, 43.318733766003625]",0.9785714285714285
2,0.9785714285714284
"[32.27479787419359, 18.147615126107468, 8.934954173085348, 28.628580710706565, 12.927010108305886, 19.01904944830308, 11.217570073764985, 13.927753599518832, 16.52410548368741]",0.9785714285714285
2,0.9785714285714284
"[31.908342500570313, 13.567371624780508, 11.614702669892804, 31.7532929077977, 12.510100779090285, 15.466952415533987, 17.853305831436796, 13.434322970244025, 30.949002897473893]",0.9785714285714285
2,0.9785714285714284
"[26.874238015580396, 15.17544750920136, 9.303387566478701, 24.05586870946837, 14.369038484971247, 12.83687188376498, 11.849945651315796, 19.377393086071052, 27.101005393541826]",0.9785714285714285
2,0.9785714285714284
"[26.59518392333836, 15.920039591029878, 10.68696404698313, 22.255027216453104, 13.86757924563086, 13.202782751550158, 11.64721263695646, 21.34542802125805, 22.221019914107583]",0.9785714285714285
2,0.9785714285714284
"[23.2846117094587, 13.924786364734738, 8.111889569190918, 22.86305137183526, 17.353326550276833, 18.729550150620106, 9.847979653526634, 24.93518982128993, 16.469965227325574]",0.9785714285714285
2,0.9785714285714284
3,0.9785714285714284
"[213.1718747650902, 117.7032462971252, 62.31159882870871, 156.31610440461316, 146.81465991266828, 88.91106200897894, 86.44613376109893, 142.77264149914816, 153.86918271756554]",0.9785714285714285
3,0.9785714285714284
"[187.2276092440951, 62.03629222150786, 76.24251482856734, 196.6784102986537, 133.58959603418188, 175.85509262362964, 90.17852990032178, 190.588266757972, 167.82418131433724]",0.9785714285714285
3,0.9785714285714284
"[172.98034692220452, 103.77950698576984, 85.66313061160525, 260.2329357985493, 84.35107017372985, 124.80213188961577, 79.09657838406747, 100.25750500331611, 171.80603798932776]",0.9785714285714285
3,0.9785714285714284
"[132.85187623779842, 64.68830990737247, 40.29247470802164, 111.63822555525357, 52.442238814574, 57.48514590393584, 26.235730053551475, 56.16952426113033, 82.771598611558]",0.9785714285714285
3,0.9785714285714284
"[128.56359785313234, 77.69140532088292, 41.2137255733315, 121.41714594563504, 45.9588067866303, 51.18869441342736, 44.29036937081374, 55.2258876914967, 53.38061513622161]",0.9785714285714285
3,0.9785714285714284
"[113.15420733771161, 66.20632662739638, 29.110319059762265, 104.4434206976511, 59.65138536556809, 48.63883114714435, 39.97938250458703, 89.52342651183855, 84.18351132751337]",0.9785714285714285
3,0.9785714285714284
"[109.55464863964994, 40.55208701690172, 34.834896157824744, 107.92708767971138, 60.04451455200729, 101.374587427984, 37.636001557357254, 91.69007533008187, 76.64138070642804]",0.9785714285714285
3,0.9785714285714284
"[107.37148930884305, 66.16475610916396, 46.74576271060184, 130.62050290476776, 44.329381512499715, 63.46377702292169, 40.92538897146179, 57.367510194938, 97.36868231337533]",0.9785714285714285
3,0.9785714285714284
"[96.7728193859948, 130.41581868782222, 61.37158565074044, 175.19005397279702, 203.90917127762643, 183.26290732707275, 160.11861281315106, 85.6887459511892, 211.27394797915457]",0.9785714285714285
3,0.9785714285714284
4,0.9785714285714284
"[641.5283318123296, 420.49731345432514, 212.3418221350109, 445.0933334805664, 294.7692373867999, 233.08180312263613, 273.6795639707705, 480.33799018848094, 644.5320035973906]",0.9785714285714285
4,0.9785714285714284
"[542.6738546639494, 456.29538854217935, 250.65897290795192, 738.3816447202206, 255.61381905385855, 459.0740811126947, 174.7158323335407, 287.18722017773945, 748.4814161289372]",0.9785714285714285
4,0.9785714285714284
"[409.1002271849249, 230.57411089753, 181.83986169373438, 715.4182169085743, 481.4327281255646, 709.4592553811931, 427.6897572194542, 517.8156257431601, 525.5163117775052]",0.9785714285714285
4,0.9785714285714284
"[395.00619965278923, 345.69476446490154, 120.14202123226592, 526.5117392909601, 204.7228505725423, 181.05860382271536, 211.69611628266642, 160.78832650775055, 277.7712919236555]",0.9785714285714285
4,0.9785714285714284
"[390.9716414621359, 247.13100667932406, 109.0076969144454, 240.4313329508007, 129.735666075198, 242.67416823547123, 91.9383345237052, 116.88091726970826, 228.85480040777819]",0.9785714285714285
4,0.9785714285714284
"[381.3030373571145, 222.5885096981013, 176.92919034923634, 363.55461079444166, 128.59794883307197, 246.53510241492626, 108.664569225829, 193.97384123286946, 340.4452669347575]",0.9785714285714285
4,0.9785714285714284
"[369.63941638535346, 242.64918221937197, 106.67624208382836, 239.37021135191017, 208.30013775631335, 149.51699310881486, 188.52803875729788, 227.66853848032397, 322.89196341236527]",0.9785714285714285
4,0.9785714285714284
"[352.0201194796551, 200.2142042110636, 118.74551613196607, 593.8576284152686, 133.80025467589303, 163.5462124364809, 159.8814726317605, 255.82534548022278, 213.88063518320496]",0.9785714285714285
4,0.9785714285714284
"[270.51716486577124, 140.44252777808498, 124.94302954536178, 405.919840027792, 247.52833344381636, 394.94321719469247, 189.3948293794386, 265.468207311486, 256.5095413139197]",0.9785714285714285
4,0.9785714285714284
5,0.9785714285714284
"[1760.798749593609, 992.7635815044187, 541.0050321842521, 1489.7937234390865, 763.4191126458082, 1883.3786730245652, 543.9515944661581, 723.1258153946226, 1965.8206963545988]",0.9785714285714285
5,0.9785714285714284
"[1637.7626126026266, 1728.9491158550154, 593.5093791040988, 3422.4086474186006, 1052.5978437631984, 808.562358583577, 1546.0337942005945, 749.623573132844, 1726.1067387877931]",0.9785714285714285
5,0.9785714285714284
"[1414.5868434165482, 537.2765501169602, 421.5616992680345, 915.8608220554693, 594.5300978567183, 460.2631175386723, 421.11163860592677, 998.6825947088452, 1133.8202982982389]",0.9785714285714285
5,0.9785714285714284
"[1401.754830775698, 555.3111644118901, 304.6492661243627, 826.3729919964692, 484.6890459111981, 848.3617104055185, 276.09594116809245, 386.3067175661557, 513.1010817310535]",0.9785714285714285
5,0.9785714285714284
"[1091.409005226378, 673.0688605570938, 365.3517068603702, 927.4134411148694, 520.986812679581, 924.5536851640875, 349.3161114834311, 536.6511217053053, 1370.153212314812]",0.9785714285714285
5,0.9785714285714284
"[933.3596110613269, 937.2255545768826, 364.7689233372219, 1751.1508911919227, 613.6350807061019, 605.9982070607248, 739.0002683433236, 505.33924851005185, 997.1211184333627]",0.9785714285714285
5,0.9785714285714284
"[838.1939316002139, 377.2940242967426, 140.97994927380083, 499.92985589851276, 238.05810701703646, 503.0494642579505, 201.0084239821299, 204.10642373389672, 410.35029383133764]",0.9785714285714285
5,0.9785714285714284
"[797.5594199386521, 342.98435644190283, 274.5386554142301, 649.3497662718281, 189.77679039814961, 400.205982638136, 210.05422647531097, 377.57366068332294, 621.7697844306746]",0.9785714285714285
5,0.9785714285714284
"[749.866694733969, 327.91868184015897, 209.78639277397306, 776.8945603940178, 278.98031674552385, 204.73257063287312, 344.81701381918526, 551.907508236093, 449.37551393548745]",0.9785714285714285
5,0.9785714285714284
6,0.9785714285714284
"[5779.896540760481, 3253.1319973323407, 1916.3668882745515, 11142.943934145494, 2982.941909606327, 1919.0325466837608, 4779.271792273628, 1952.225114847008, 3497.541218293699]",0.9785714285714285
6,0.9785714285714284
"[5140.344342225915, 1608.241607246261, 878.1655976884203, 2243.928416854726, 1426.3121674421213, 2747.3520327538017, 712.6130534898368, 861.6303212336404, 1310.0260248381705]",0.9785714285714285
6,0.9785714285714284
"[5092.890926838623, 1617.7485423644184, 1606.5266375931021, 2520.50242305911, 1901.4892002800016, 1935.089355209962, 1384.0762531204698, 3305.4456170437193, 2333.4251640549087]",0.9785714285714285
6,0.9785714285714284
"[3308.230374913193, 1674.4105028260856, 1049.0058407398428, 3817.696933831623, 1580.2230063375719, 1773.2293398628562, 665.7556994146304, 2608.816504102126, 4008.7631989985307]",0.9785714285714285
6,0.9785714285714284
"[3199.4158159003323, 2514.806010395724, 1020.3528437069303, 6767.956011554577, 1955.2829210332366, 1047.864651402569, 2526.2803641361756, 1285.3919055554807, 2675.9069445632767]",0.9785714285714285
6,0.9785714285714284
"[3082.2464279176247, 3032.444025745027, 1060.8335151122567, 3596.449441531914, 2617.878958958077, 7333.153531874281, 1486.0910801830917, 1805.98169215234, 5365.455535123765]",0.9785714285714285
6,0.9785714285714284
"[2925.0506544295827, 1171.369683125767, 551.8815135279457, 1474.869446923307, 865.6573378606598, 1725.8992696484397, 408.57184946105826, 595.2869512306834, 708.6405314086368]",0.9785714285714285
6,0.9785714285714284
"[2574.3836721961256, 2207.059287093728, 878.9516574912877, 2886.653063917153, 1413.2525638148466, 1554.1828621617337, 785.99862619229, 1996.7072621117732, 3778.7350671340528]",0.9785714285714285
6,0.9785714285714284
"[2467.6792508831163, 1930.3157926479735, 833.55054234111, 1917.8389977698305, 1506.3572875825487, 3622.984194816333, 712.436539676227, 1263.1198675921994, 3535.0366144717846]",0.9785714285714285
6,0.9785714285714284
7,0.9785714285714284
"[19687.87272931107, 4044.230254552759, 4820.870525405613, 6855.065978152671, 3553.73394952948, 6105.794394139652, 3912.57717512994, 7015.1261235574375, 8977.70729155014]",0.9785714285714285
7,0.9785714285714284
"[14784.87219747756, 5645.989844070208, 2410.141834002572, 6463.938147220096, 3137.999285785098, 4628.620040886399, 1566.1500351786035, 1737.6148801646677, 4259.62381377756]",0.9785714285714285
7,0.9785714285714284
"[10692.64868080947, 6179.136405651043, 5805.318582364016, 39738.11648773153, 11250.429885868587, 4666.500747071674, 11592.92090446105, 4908.16631373195, 10512.190103295772]",0.9785714285714285
7,0.9785714285714284
"[9365.97889624516, 3652.945196585095, 2330.4361698413086, 3253.6040322119375, 5234.677862716945, 4775.190953633452, 3260.1349938829426, 10196.026096913367, 7318.003046057713]",0.9785714285714285
7,0.9785714285714284
"[7120.046912593609, 7112.56528678564, 2829.095890681316, 13368.593305893082, 6490.764390598458, 2404.2332151229584, 7007.854045250548, 2390.220714439669, 4927.554867948316]",0.9785714285714285
7,0.9785714285714284
"[7115.33280288009, 3272.3316313037776, 1588.6176329666728, 3163.8730933728325, 1786.4158378069967, 3096.1989031859275, 1392.1751407552415, 1416.4280428003992, 2386.3802286726072]",0.9785714285714285
7,0.9785714285714284
"[6943.897576083058, 3886.7476454085117, 3292.0465988018223, 20661.254375293385, 6121.362471032135, 3245.9168930675196, 9015.392367917082, 3729.0210508702694, 6314.351864315377]",0.9785714285714285
7,0.9785714285714284
"[6660.588620581866, 2362.3546210104264, 1833.042835386052, 2830.1172236632838, 3115.0507414164913, 3638.4476042260007, 2773.831704745661, 5396.107817572644, 4693.69628339451]",0.9785714285714285
7,0.9785714285714284
"[5538.255959373533, 5012.018871052147, 1918.168573186204, 8840.337916749764, 3306.4582046809387, 1665.4094241205325, 3913.9880891845924, 1970.0344435391787, 3129.645918689408]",0.9785714285714285
7,0.9785714285714284
8,0.9785714285714284
"[54705.05259454467, 8272.87917690074, 14543.95925257944, 14532.498706700742, 13608.718155311995, 12953.889073224786, 9263.19159714392, 18680.01738405829, 18628.787931971674]",0.9785714285714285
8,0.9785714285714284
"[50098.92565077341, 5144.98890934966, 12263.230850648233, 19669.120511443412, 5835.085324527941, 14309.779194971554, 7900.789435276023, 25618.79223520428, 21064.439156781023]",0.9785714285714285
8,0.9785714285714284
"[36482.685894996175, 21545.05569202649, 15115.101202932616, 63920.365293138966, 31118.315673091896, 16818.843484051657, 21931.941222333255, 13901.185361980974, 26676.26915677011]",0.9785714285714285
8,0.9785714285714284
"[32888.7858019479, 19765.43180287409, 5917.108291314578, 17905.853598556045, 7762.309296170169, 12808.391328637561, 3139.122278466875, 4162.858648309017, 6673.430662811181]",0.9785714285714285
8,0.9785714285714284
"[30793.469125362863, 5004.7118428462745, 7875.411174632716, 11430.750298237675, 4478.33175597342, 8084.396213907715, 4636.932895436024, 12930.177191585353, 11087.906996109341]",0.9785714285714285
8,0.9785714285714284
"[29232.820123312107, 6481.665237859433, 4817.227719993269, 4706.631861009961, 16126.095503240229, 12241.212002145445, 5835.4745899731515, 24712.319637668406, 23057.975321822712]",0.9785714285714285
8,0.9785714285714284
"[22733.650823955606, 11204.628749295192, 4642.945723822342, 11890.858016804545, 5660.360787081967, 7756.436217122169, 2110.1930858329647, 2188.1204463845697, 4621.7608649460435]",0.9785714285714285
8,0.9785714285714284
"[21020.866544590277, 10923.752816798722, 8300.688533150815, 43711.544576717824, 17855.884096968097, 8593.486120073256, 16751.079394024062, 7732.112735719048, 13347.466773144723]",0.9785714285714285
8,0.9785714285714284
"[18176.760588731842, 15508.644479894914, 4612.373950517344, 19731.77052696475, 14591.932165280181, 5021.9019917162, 16261.642281484936, 6641.6785134459205, 10877.841079667676]",0.9785714285714285
8,0.9785714285714284
9,0.9785714285714284
"[148255.51813370077, 25388.37146569192, 38797.14451120791, 36207.584028163015, 16469.088143530258, 27031.547479616973, 16086.136891250833, 59601.21795649367, 36559.07096209853]",0.9785714285714285
9,0.9785714285714284
"[93027.93973844015, 8690.255074607267, 22319.74176728825, 39421.76859476659, 18232.862826572513, 37062.36727610213, 24760.512680168817, 36214.70290616566, 32651.41897372262]",0.9785714285714285
9,0.9785714285714284
"[88189.24313197656, 17264.47370364964, 43606.99510220297, 49055.73112468231, 20337.30730316793, 31384.60892637584, 26594.262215877694, 25902.479223844333, 45544.96199082206]",0.9785714285714285
9,0.9785714285714284
"[84734.56493151696, 49494.33627281246, 20739.53222278985, 34534.12207081531, 20819.31516759354, 27144.962702980516, 5071.229459441476, 6863.673093769909, 13001.826016488973]",0.9785714285714285
9,0.9785714285714284
"[69961.81598134711, 10534.807169120948, 22583.16190292249, 25357.71469389522, 16586.178245021616, 17858.972271730454, 15819.547871823623, 23103.92402856872, 26378.992269557828]",0.9785714285714285
9,0.9785714285714284
"[55498.829375529516, 28294.95054953942, 10623.777490707693, 17666.028925652983, 13349.299162877112, 20002.565793812442, 4853.479359746419, 4719.656284291241, 8149.698144539377]",0.9785714285714285
9,0.9785714285714284
"[55417.93151015392, 6436.34379774453, 16567.050761746395, 32027.16055866444, 11422.523526589379, 23864.37058394969, 14015.149776372626, 25138.250968875876, 30452.169494339985]",0.9785714285714285
9,0.9785714285714284
"[54436.63931616932, 40842.72942574635, 21554.36577698873, 98706.87565503387, 42704.98868740986, 32183.21935035252, 41486.35968807827, 26232.226308296107, 34736.79553144983]",0.9785714285714285
9,0.9785714285714284
"[52753.413298227344, 79487.2022044237, 29240.830223798213, 184626.73565215268, 75356.80251439166, 33057.37104791724, 43737.298791327856, 47309.914696863154, 61623.68191088158]",0.9785714285714285
9,0.9785714285714284
10,0.9785714285714284
"[411844.39985141193, 35341.73757857361, 96639.83116665544, 123896.0569109066, 40298.37974777313, 78759.80498434074, 26549.656510314286, 169606.3786735697, 190141.33494000314]",0.9785714285714285
10,0.9785714285714284
"[213487.98051042057, 43317.54112249931, 56832.62306309648, 81215.12707192163, 38072.70470246255, 36501.59000899967, 43893.01027415717, 106745.3780095063, 53870.49351135203]",0.9785714285714285
10,0.9785714285714284
"[207881.0601017847, 18021.83167766605, 47021.981608367365, 72058.29909101175, 40423.5879465616, 40726.4828002183, 39766.907508955475, 97991.07557965035, 98092.1579361503]",0.9785714285714285
10,0.9785714285714284
"[162581.78344889317, 102306.99722133394, 59907.226371568, 59611.99747190567, 42778.67855969882, 40773.20533611846, 10810.117891566391, 18892.245292918233, 22698.14519178559]",0.9785714285714285
10,0.9785714285714284
"[151486.55674538203, 24561.35936775419, 39844.81788614539, 51770.170002325925, 20102.10193320248, 28120.75234102597, 24824.096339980053, 75850.65834703448, 44620.90793479493]",0.9785714285714285
10,0.9785714285714284
"[131233.0123055381, 74581.88357752583, 34028.84843480417, 62440.51350222477, 37567.71916720041, 41051.95796768086, 9024.357465404588, 11328.697073731859, 21802.611317015755]",0.9785714285714285
10,0.9785714285714284
"[126165.50849536978, 11246.6609235389, 24854.293697877132, 71377.33411963335, 23491.327380055583, 42332.41279120623, 40786.094007268235, 51364.29944710774, 52688.85944765575]",0.9785714285714285
10,0.9785714285714284
"[121173.10328937563, 31605.656173440184, 48606.911360785074, 48440.30380576686, 14599.306844951803, 34318.52462614135, 33665.81775170272, 32150.904511959823, 38845.69769993345]",0.9785714285714285
10,0.9785714285714284
"[117786.27030516602, 32898.949650194205, 132475.59620629076, 67259.28450888065, 42858.24179630703, 67373.5403764021, 71148.26884344753, 55549.86245052945, 63591.010861653456]",0.9785714285714285
10,0.9785714285714284
11,0.9785714285714284
"[757039.2394527661, 44094.2854030786, 90893.45205031967, 67217.66544120578, 46645.829959783034, 86705.29433762809, 32548.67206182897, 162429.5006217875, 104093.16591884485]",0.9785714285714285
11,0.9785714285714284
"[592649.0723689385, 57976.6865290683, 98705.34767245493, 91965.71234398833, 123500.17925457461, 38069.54977076265, 64823.98695589246, 217129.8733297665, 87855.15705575605]",0.9785714285714285
11,0.9785714285714284
"[460935.5096206877, 50406.12548599383, 97554.5963422721, 219618.62051464242, 42985.509964090765, 130830.47531866928, 23227.619771070596, 228775.93620051688, 311132.1361979951]",0.9785714285714285
11,0.9785714285714284
"[446188.91001310997, 50609.9469411438, 126703.53073208983, 366469.46098561026, 62229.77965931562, 225768.60810018762, 20921.47302576749, 401964.4857959092, 442837.1951769405]",0.9785714285714285
11,0.9785714285714284
"[435266.62415320246, 183274.76183926433, 151645.35094840854, 118593.06961198465, 70442.17854953828, 42704.97548781506, 15453.439234561563, 36897.48553321442, 46077.43146874395]",0.9785714285714285
11,0.9785714285714284
"[340262.65447723505, 40157.27265762174, 68449.614336047, 75615.70786975998, 45872.25755766356, 50041.07407522482, 68940.90121736962, 85760.59105676868, 86985.15844383604]",0.9785714285714285
11,0.9785714285714284
"[333926.29049847974, 53754.74836784308, 100168.53193049433, 96642.9619212594, 67676.65954920647, 33111.11466913672, 46024.68873659969, 135553.9778944432, 90432.0753226951]",0.9785714285714285
11,0.9785714285714284
"[272585.6894735076, 49332.55886869674, 101114.77106147911, 133049.349601444, 71468.44736896238, 126839.2813274076, 116211.3854675293, 280369.7862658604, 180569.2506943643]",0.9785714285714285
11,0.9785714285714284
"[254002.83039962617, 26556.45853163259, 74266.59811011696, 99746.76312714879, 60671.15078835306, 71753.48843453496, 66042.4101396547, 160985.45024035664, 158869.25249493687]",0.9785714285714285
11,0.9785714285714284
12,0.9785714285714284
"[1615880.960863532, 99289.42726032683, 226888.39005020086, 68093.59458129108, 146429.3097152596, 92596.1413951673, 59022.881820795315, 219883.94399625083, 169972.45838677583]",0.9785714285714285
12,0.9785714285714284
"[1294228.4738841697, 90091.51927165118, 158001.36796945665, 105598.22948797174, 66025.90767357535, 188043.03640482362, 66110.39840451998, 173352.5151869088, 230856.03202072327]",0.9785714285714285
12,0.9785714285714284
"[885513.7849885905, 144320.67091518745, 170472.2847993236, 634492.994452275, 70725.66483682714, 152314.8011949195, 51892.61439817712, 266206.4414857364, 949025.431432632]",0.9785714285714285
12,0.9785714285714284
"[859299.4389220699, 70864.66844359005, 100022.37824678881, 110594.04400021955, 39923.17346907326, 129477.89947614662, 46507.03581503953, 169851.49885808438, 128047.1165189808]",0.9785714285714285
12,0.9785714285714284
"[789558.3007889595, 58714.42105142284, 190443.66794349102, 375094.59977054124, 95293.39398535102, 249325.0506343036, 29983.685974504693, 720897.9840776045, 745145.1971764963]",0.9785714285714285
12,0.9785714285714284
"[771347.0976195079, 77329.59353970946, 165436.26582165313, 163652.60726087712, 218310.46554210587, 69215.48693541164, 83015.77734168922, 325341.51196543005, 155676.26658746728]",0.9785714285714285
12,0.9785714285714284
"[706342.5609408522, 87644.87656040015, 252475.141467706, 273640.69269384095, 323186.0980544747, 80394.51485390821, 72208.35479407088, 546486.9469976678, 147909.67231272065]",0.9785714285714285
12,0.9785714285714284
"[691780.8724678742, 79699.04868598402, 96063.9208561511, 394035.915453137, 57929.81220514157, 130374.61810178723, 33949.87174435222, 276588.64996288525, 561364.2378477647]",0.9785714285714285
12,0.9785714285714284
"[682324.5400225357, 100617.5210799028, 329406.4727072116, 452248.2554885564, 124564.77155777017, 398241.3460796529, 37815.82991632706, 1257489.2294249428, 1033704.8149112575]",0.9785714285714285
12,0.9785714285714284
13,0.9785714285714284
"[2934815.0292185554, 173609.0938433748, 524088.516173075, 129246.65634077902, 232055.10556461685, 147490.407155848, 93559.65091690831, 226769.00872333336, 315371.49963181175]",0.9785714285714285
13,0.9785714285714284
"[2289161.5135071883, 186446.6949949483, 360942.4218984323, 123588.99068382938, 123374.71195026126, 151588.06482037468, 72299.13845190822, 315920.48393030436, 353146.21942403907]",0.9785714285714285
13,0.9785714285714284
"[1465211.617143988, 158016.55595911312, 207488.34315306673, 88348.20684100129, 133637.84925941436, 95039.59906188576, 72608.20251951859, 242746.95927090454, 259324.0362491227]",0.9785714285714285
13,0.9785714285714284
"[1333379.4473962598, 97676.2666381459, 246309.3309640711, 221494.31555710058, 228574.65115701983, 58727.9585820516, 131922.19201771246, 374316.6244456186, 141163.6927638527]",0.9785714285714285
13,0.9785714285714284
"[1311508.7408690848, 143638.4946404747, 194153.1962404723, 136341.36715281467, 83174.77078652181, 321489.72593269777, 89310.83439475743, 154769.48674873868, 322583.44197467924]",0.9785714285714285
13,0.9785714285714284
"[1213129.7507585161, 91535.54459485975, 403288.76341803616, 254308.22760723307, 266562.5232825259, 118563.7927931074, 93547.88434738647, 574930.4440941359, 119074.52724229424]",0.9785714285714285
13,0.9785714285714284
"[1164765.1999523174, 110540.33035241184, 284810.3651580348, 736723.0303237212, 182405.9138510166, 483440.7627136882, 62989.306916232235, 883602.8229976604, 1157354.2176768822]",0.9785714285714285
13,0.9785714285714284
"[1120429.9343940956, 216811.99579359905, 273016.70083941147, 215072.95787093128, 66942.55730292613, 384855.0809133039, 111501.23997263284, 246078.31824156694, 374929.74448781926]",0.9785714285714285
13,0.9785714285714284
"[1018866.4504812362, 159764.00057109407, 564724.2785712352, 614653.4912285238, 201575.99526231323, 344056.14974737115, 40214.95688244552, 1144686.5951157256, 1173126.8281642757]",0.9785714285714285
13,0.9785714285714284
14,0.9785714285714284
"[5108907.765446943, 457196.1192498647, 586076.1412438804, 267706.65787012177, 226725.0694825775, 249316.2403523379, 48649.31032701804, 721621.5777795443, 1022721.4974499109]",0.9785714285714285
14,0.9785714285714284
"[5094276.42516428, 199469.39622854418, 687422.9227777763, 169638.40340294194, 383572.6750222506, 182707.34883221914, 114463.93473248216, 390285.9285993065, 597225.7496256332]",0.9785714285714285
14,0.9785714285714284
"[3006858.0620908486, 275787.85970694025, 462950.6338670021, 157235.05504197106, 164562.48559139518, 199325.78000214652, 64171.65138953469, 480970.73704664153, 603798.252393341]",0.9785714285714285
14,0.9785714285714284
"[2712163.8043127167, 250179.5292779599, 1175442.8431658964, 195624.71544089777, 350393.9213601205, 199478.1146515955, 93739.4023753193, 180930.59264450968, 922186.9064005482]",0.9785714285714285
14,0.9785714285714284
"[2482026.976082386, 167326.27272915115, 773211.2008834756, 132098.24271098213, 396061.93790321454, 246812.91299126815, 119925.97139009963, 239615.25187209714, 532235.4921766765]",0.9785714285714285
14,0.9785714285714284
"[2393251.2823664607, 418932.0519441094, 336755.9625878058, 169388.2482279342, 275992.24949891196, 227349.85463190387, 187276.189522342, 580877.7476900208, 575188.8451525415]",0.9785714285714285
14,0.9785714285714284
"[1942469.304801823, 247800.4682376368, 300061.8815195516, 122126.3975692968, 222209.9532767284, 154962.48605847167, 115724.71460808525, 418135.7835669442, 368663.4570734871]",0.9785714285714285
14,0.9785714285714284
"[1744753.7716507446, 73274.04181662598, 582063.9528235646, 370093.58046413586, 265463.5493230424, 153280.30459085223, 116414.44087361897, 732250.171780502, 153358.5575691104]",0.9785714285714285
14,0.9785714285714284
"[1475995.122426893, 97075.14107773453, 223508.33603102097, 334973.4111284599, 242618.94238471612, 60698.25120443662, 158498.1025430485, 610116.8894638887, 146675.0726535403]",0.9785714285714285
14,0.9785714285714284
15,0.9785714285714284
"[10872298.774664607, 403541.7615039587, 1527607.4150149694, 340389.78037703026, 546583.6311597382, 558333.2137877811, 79049.60780201253, 476737.0549946405, 603623.6905209682]",0.9785714285714285
15,0.9785714285714284
"[10288726.935385484, 433595.36256263906, 1404019.8977250454, 237419.41490659412, 487044.36644499976, 186881.54627370194, 103259.71723771353, 610107.2068088395, 972392.6922628321]",0.9785714285714285
15,0.9785714285714284
"[6983760.716126535, 255611.13196359907, 906937.966218995, 181518.94892642726, 458251.01265443163, 161318.1099914596, 124474.9273098869, 515373.9359731943, 833920.3672257056]",0.9785714285714285
15,0.9785714285714284
"[6448020.218656243, 779520.4393385067, 617751.0980172, 297736.624695076, 230474.66591371986, 320235.616875567, 61138.59522852674, 720530.9591084892, 957045.7263374939]",0.9785714285714285
15,0.9785714285714284
"[6002399.813823924, 1185901.5680888048, 564409.6511768365, 440489.94249586517, 384304.61636917526, 335701.4984899804, 67519.66964879542, 1185987.0994900009, 1381133.6141505]",0.9785714285714285
15,0.9785714285714284
"[4536634.887773921, 336629.7825135996, 1622066.4374619192, 191782.69758299604, 344108.3475278516, 153156.7255335835, 76289.74328089565, 293084.0322193327, 925255.1945537291]",0.9785714285714285
15,0.9785714285714284
"[4312123.609937748, 250011.17471073195, 1030693.4616933283, 118565.4119323853, 232966.74189555208, 208513.40352397627, 229674.33007593313, 425072.9684553529, 1065935.0898184052]",0.9785714285714285
15,0.9785714285714284
"[3421500.239664255, 352174.7281783871, 2285854.034281347, 171120.80343836691, 375973.5658235479, 231077.64000032027, 77281.77762561626, 468396.6520004502, 1243875.3921784754]",0.9785714285714285
15,0.9785714285714284
"[3055248.3073141966, 676550.0555941917, 442473.45714793075, 154396.4945792201, 455252.2945908435, 233955.46087078203, 135464.36852349545, 838386.3937666541, 933114.9464510714]",0.9785714285714285
15,0.9785714285714284
16,0.9785714285714284
"[16504905.415085988, 304938.7135415468, 1603168.9021325875, 431717.6794262647, 951400.9764574601, 601357.9438387173, 122369.35388178396, 586453.2231934773, 873840.8988972323]",0.9785714285714285
16,0.9785714285714284
"[13774827.324860644, 422968.08826538903, 1036596.491018196, 271826.3040169922, 573245.4667971637, 545258.081284248, 140203.24280512944, 554445.574410043, 929197.1401741613]",0.9785714285714285
16,0.9785714285714284
"[12892817.816840151, 780504.8779469114, 1725864.24967047, 235983.88928650468, 791698.8007616473, 960655.6626409186, 117565.53679548677, 1110308.8223134717, 656038.3722984213]",0.9785714285714285
16,0.9785714285714284
"[12456747.603922334, 623223.6413930971, 1748358.6628219646, 387982.94860062416, 681348.2225549563, 165958.27214411256, 109446.4506988797, 864011.463513246, 1448632.5158598411]",0.9785714285714285
16,0.9785714285714284
"[12174459.977335997, 519149.09922109963, 1212421.3260580497, 332552.15920146997, 659800.2358458266, 817008.111036418, 70922.47530446357, 778894.232520029, 528909.4519651982]",0.9785714285714285
16,0.9785714285714284
"[10367484.977964334, 287484.3545774763, 2166935.802892807, 274979.6691091532, 981424.1727201655, 171159.82809293392, 203383.95465120795, 908968.5643851706, 1108604.1445478734]",0.9785714285714285
16,0.9785714285714284
"[8807766.506557494, 780651.1118493435, 1040700.4406875507, 453660.2841197355, 215804.39113402835, 395910.2801144152, 92612.33898517664, 1182150.7583860876, 808929.5433839401]",0.9785714285714285
16,0.9785714285714284
"[8608708.761754412, 384061.73546501226, 1413076.836064911, 296393.58622815064, 613893.7978325535, 135941.09287716303, 121933.03301348354, 643222.5505627034, 1312996.9292346896]",0.9785714285714285
16,0.9785714285714284
"[8388895.835995097, 754296.2809347801, 1164800.6568273865, 647913.0225856218, 214326.4641974924, 605613.7907234862, 82800.37500596029, 1916866.4595386875, 747628.2675319549]",0.9785714285714285
16,0.9785714285714284
17,0.9785714285714284
"[19949360.183451395, 468006.3618250155, 2675583.3268741383, 465196.85665478103, 877588.2580533441, 276917.2905731299, 84374.14792963042, 493554.91155436175, 4527001.1578843]",0.9785714285714285
17,0.9785714285714284
"[16484257.32167837, 740492.7062490254, 2159086.9590041684, 271535.9425764531, 1072169.7566194902, 209352.6387415916, 92165.78551861599, 1317751.7071832658, 2029926.7272706642]",0.9785714285714285
17,0.9785714285714284
"[14842687.37421309, 1217155.3691186898, 1954539.30700095, 432313.4935170923, 1540512.1406147252, 291580.590607646, 79753.80116984047, 1295199.128062012, 2524733.369009197]",0.9785714285714285
17,0.9785714285714284
"[13228992.762771823, 648149.9946962312, 690359.2144445158, 420873.05439482915, 312388.5805138349, 398697.77878025436, 109088.62912677324, 1213319.3333040671, 559310.4181307916]",0.9785714285714285
17,0.9785714285714284
"[12908212.297579179, 372970.7075030061, 2189922.4372635596, 578723.9201356594, 972455.2464867193, 986261.7042248553, 171611.93911757678, 878398.3820235496, 765887.0980974601]",0.9785714285714285
17,0.9785714285714284
"[12500261.239765283, 197028.71194369838, 2857746.6502946233, 250404.15112302266, 1414786.667167291, 234387.66095629538, 321160.65242414945, 785117.6673704861, 1530293.5261114899]",0.9785714285714285
17,0.9785714285714284
"[11926321.555375235, 737966.7396477689, 907029.0356026951, 458113.06851054786, 1054950.4477793057, 967764.907615084, 53899.80436379865, 1198015.856652827, 590624.5946443677]",0.9785714285714285
17,0.9785714285714284
"[11593224.295442494, 333362.63661254535, 3259316.8405418023, 532971.5348204006, 975800.5663623046, 1453716.951306858, 268321.3213972227, 1375151.926207059, 1038884.8541264209]",0.9785714285714285
17,0.9785714285714284
"[10367484.977964334, 287484.3545774763, 2166935.802892807, 274979.6691091532, 981424.1727201655, 171159.82809293392, 203383.95465120795, 908968.5643851706, 1108604.1445478734]",0.9785714285714285
17,0.9785714285714284
18,0.9785714285714284
"[25573479.171834648, 645747.8060062898, 3835047.9892909303, 281599.4583697963, 649674.277037853, 221076.28209743663, 60596.858859358676, 558956.7777835957, 2647088.498249868]",0.9785714285714285
18,0.9785714285714284
"[24720371.76233591, 1892901.2190446076, 2706857.228437366, 593898.6246833217, 2335658.065886436, 482138.2064915318, 118644.07976115427, 2513603.3882173104, 2812779.4507543733]",0.9785714285714285
18,0.9785714285714284
"[21332900.604796186, 488801.47748012573, 2888411.050930136, 604633.4079038585, 889463.5992464367, 185984.58043720102, 184305.80683479545, 1029601.5706749768, 2515417.853967673]",0.9785714285714285
18,0.9785714285714284
"[21035703.41105386, 1618765.205075889, 2675231.6927964166, 452607.4512916807, 1969471.2150680916, 405080.1441669265, 76304.30200601858, 1599667.2057435503, 2203991.537287383]",0.9785714285714285
18,0.9785714285714284
"[19283441.280015662, 737397.2209740316, 2708393.588706579, 374590.85342217865, 931093.7393957567, 159905.84402035887, 124764.73632643936, 854153.6908288812, 2380538.894577972]",0.9785714285714285
18,0.9785714285714284
"[17509851.57959705, 986915.8611647808, 691751.2908502372, 586721.9325359111, 350085.3279802757, 440709.14692730526, 115707.26493509878, 1046426.8631701627, 721112.3924998406]",0.9785714285714285
18,0.9785714285714284
"[16757342.120538507, 189578.58962010362, 2960135.4508563997, 640732.346372142, 1567456.8950493503, 1261487.4263053634, 201258.27981615765, 1297363.0422340147, 701543.5177592295]",0.9785714285714285
18,0.9785714285714284
"[13715958.032473922, 199533.12852122972, 3538278.226916795, 243580.88156560197, 642791.1866193211, 253586.65931921767, 314359.31283338205, 1098844.8952487519, 1623567.7140462822]",0.9785714285714285
18,0.9785714285714284
"[13692775.622654488, 1453701.846504454, 612122.2704089135, 526433.5695771979, 313634.2577129766, 433011.0789513123, 179585.08860412086, 1216273.5207834905, 1134463.000715323]",0.9785714285714285
18,0.9785714285714284
19,0.9785714285714284
"[43781585.851236954, 465587.95345945837, 2216064.954156385, 284974.5545956349, 735126.4342395274, 234593.82510775235, 32284.336125354006, 623419.1154974978, 3542853.219885214]",0.9785714285714285
19,0.9785714285714284
"[42404342.18665512, 1147200.0767328015, 3241678.124078848, 916984.157331718, 2417503.424352682, 537574.5179718726, 222565.58385847916, 1834193.9130689935, 4219535.107901244]",0.9785714285714285
19,0.9785714285714284
"[35960196.46352091, 1304286.2966305842, 3252864.207501414, 676617.985669927, 3255338.2335077017, 556686.790008065, 154431.3512229598, 2637203.5517323883, 3441770.2070175195]",0.9785714285714285
19,0.9785714285714284
"[35404948.58694269, 1375217.8397225505, 6102849.702364415, 205198.97350262603, 709191.3543446916, 408236.183020779, 41609.3157718281, 529013.1313508952, 3865789.9081854196]",0.9785714285714285
19,0.9785714285714284
"[34842733.84759758, 613679.0913406492, 2976073.347093449, 361696.27293204475, 967280.4412422432, 154815.4023215223, 43432.61222667493, 678148.5695524083, 3174189.5286060986]",0.9785714285714285
19,0.9785714285714284
"[32496750.404436547, 453984.4808125079, 2073922.4718249831, 834646.9786618957, 1341816.8395015073, 278345.5261105088, 141453.335208766, 867614.7991781674, 3547504.6055408483]",0.9785714285714285
19,0.9785714285714284
"[31671760.83045137, 1460668.947289916, 3527763.3859682, 636217.0420012283, 1626387.2977268118, 608508.6473360411, 119774.45262836441, 1191447.4986808284, 3173157.7137787836]",0.9785714285714285
19,0.9785714285714284
"[28265000.768278413, 2104830.240698009, 2354877.964133019, 501946.5679126554, 1585060.1708249366, 599521.592994524, 151765.3707602062, 1688111.3618297726, 3109807.1184122637]",0.9785714285714285
19,0.9785714285714284
"[27293527.00808111, 1435677.6207393887, 747759.8732334992, 448104.9169520464, 253464.59719151483, 312128.36170652683, 163433.0660462896, 1108795.389710613, 868519.908988453]",0.9785714285714285
19,0.9785714285714284
20,0.9785714285714284
"[69388262.71079478, 473923.7340151621, 2836479.1621349296, 383940.96831635234, 572561.9593400831, 356097.5171863024, 38355.08905165244, 830647.6851536297, 3540624.343583389]",0.9785714285714285
20,0.9785714285714284
"[61218056.9392416, 845988.0842187223, 6519484.768127708, 843131.903360797, 2454591.375756317, 378827.25360008917, 378874.6226169107, 3362299.2665943922, 4074294.7027197843]",0.9785714285714285
20,0.9785714285714284
"[53740932.74576086, 1034651.3797640833, 2609524.1554589523, 750868.7719690949, 1465298.9834501105, 194237.87502844023, 49255.257093091146, 1217078.343671836, 2970486.609019989]",0.9785714285714285
20,0.9785714285714284
"[52352439.938238315, 965928.0284931252, 4554771.02720445, 1065240.4147430356, 3571261.0488353306, 405165.66309796326, 257405.50474347096, 2212346.740100163, 2951552.033371052]",0.9785714285714285
20,0.9785714285714284
"[48081526.90695365, 1902952.3548850422, 2908918.2400388587, 819644.8423034206, 1844222.005310909, 739409.8734180486, 88082.17165207745, 815386.4476193535, 3520357.1800951576]",0.9785714285714285
20,0.9785714285714284
"[46981055.68790956, 278470.6878927448, 1342659.9484524517, 1039313.5906682186, 1966888.7762930822, 204021.27417347225, 213194.20670648225, 1045919.9693569123, 5009824.508698843]",0.9785714285714285
20,0.9785714285714284
"[43292703.433121935, 707797.8870136158, 2375044.7118187174, 514656.53461372346, 1276274.5306595215, 221545.10625043715, 66780.0079778109, 973176.1327893415, 3653556.9577674093]",0.9785714285714285
20,0.9785714285714284
"[40965843.56935719, 1500769.920894233, 8951577.569215551, 390157.50523629086, 871006.4865615014, 386039.949260295, 36371.512946207586, 274915.8917466116, 4627870.124470192]",0.9785714285714285
20,0.9785714285714284
"[36821162.40364077, 1536956.824193431, 1454707.4205652734, 377906.835220518, 1019304.641515392, 505440.5155717929, 223821.94049285585, 1180443.4089960903, 2611076.791388118]",0.9785714285714285
20,0.9785714285714284
21,0.9785714285714284
"[81669365.43018904, 334578.11788738606, 2673043.6398497857, 539221.822806128, 1246937.8050512634, 261247.16859384612, 68397.93302576937, 1432142.7522810171, 2029850.200372151]",0.9785714285714285
21,0.9785714285714284
"[77224012.48003203, 319201.9821506644, 1912194.1832624269, 450671.48915756424, 492325.23864367115, 315291.62057933875, 33870.335448941965, 813441.0470024116, 4929600.194485336]",0.9785714285714285
21,0.9785714285714284
"[66664433.374349326, 899148.915322402, 3423059.2107437565, 568146.0249503327, 1020796.8403412531, 158621.66575569136, 88007.45685829475, 906363.8900345769, 3121353.1507056523]",0.9785714285714285
21,0.9785714285714284
"[63096336.7978683, 1280896.7233268996, 3052368.523420713, 1042208.5829246616, 3539716.5543248337, 488655.0691966368, 133811.74120729434, 1138317.021476646, 4516617.45311012]",0.9785714285714285
21,0.9785714285714284
"[56547659.89474386, 489769.5131392812, 2411171.3357936367, 344768.55441246706, 865954.0990034419, 418106.788470015, 46840.5773799399, 1016612.5828109795, 3314409.687281788]",0.9785714285714285
21,0.9785714285714284
"[53766674.743755236, 1349245.6037986903, 3163102.515530179, 792274.6935489718, 1828915.1967931536, 159693.9713323391, 56602.399877318894, 1828023.0031851956, 2748221.4506141976]",0.9785714285714285
21,0.9785714285714284
"[51781390.23792019, 2192619.6100735543, 2197685.4013943695, 281294.29751139233, 845641.7514232812, 437835.4889692976, 282965.5237480222, 1102952.2112379202, 2688520.2815283923]",0.9785714285714285
21,0.9785714285714284
"[50729029.17538233, 388483.805605592, 1407464.3087678682, 1187530.1175886719, 2270020.6003486374, 120731.71777914403, 170606.58285119067, 691166.2126216819, 4290967.615372375]",0.9785714285714285
21,0.9785714285714284
"[48081526.90695365, 1902952.3548850422, 2908918.2400388587, 819644.8423034206, 1844222.005310909, 739409.8734180486, 88082.17165207745, 815386.4476193535, 3520357.1800951576]",0.9785714285714285
21,0.9785714285714284
22,0.9785714285714284
"[168834374.6628991, 530619.6144760216, 2063129.9323049067, 524721.8502616701, 238359.29447851848, 227387.56196234844, 55088.06812518898, 884544.2985476394, 3379762.1030458594]",0.9785714285714285
22,0.9785714285714284
"[113008162.44992256, 253020.39458559442, 2576392.3807212636, 612673.7264790627, 689137.2678474295, 239304.03110042377, 16910.96137926086, 387333.8319900221, 8008863.209101911]",0.9785714285714285
22,0.9785714285714284
"[102066100.24301037, 926696.1830193159, 2865590.0904266657, 947435.2455840837, 770253.9822674642, 179893.57649799593, 118454.73598895679, 1187491.3956133204, 2173463.4860532777]",0.9785714285714285
22,0.9785714285714284
"[96837906.35294718, 385471.41515319434, 2756287.5252617304, 643732.9727879713, 459042.494376407, 233841.0012211393, 24627.16501294721, 684665.9764369589, 5946944.309509903]",0.9785714285714285
22,0.9785714285714284
"[73148360.61348256, 684811.8178931382, 3244019.453020774, 649790.7790946933, 644391.414423407, 221365.4278437889, 90055.4064525053, 1272091.653169286, 2745269.1791710383]",0.9785714285714285
22,0.9785714285714284
"[70699598.00061527, 796522.3018918463, 4474429.599778592, 429659.83120514435, 1530812.3743151017, 197727.9794712782, 132630.53004010912, 684969.8965397808, 3796845.1196670034]",0.9785714285714285
22,0.9785714285714284
"[67040179.64795864, 950083.8525123311, 2840395.9345485317, 987808.1436991184, 3745088.806871822, 458051.9046508863, 200859.99162828128, 1757152.8389019049, 6474163.729592177]",0.9785714285714285
22,0.9785714285714284
"[66664433.374349326, 899148.915322402, 3423059.2107437565, 568146.0249503327, 1020796.8403412531, 158621.66575569136, 88007.45685829475, 906363.8900345769, 3121353.1507056523]",0.9785714285714285
22,0.9785714285714284
"[58303527.043821275, 2878662.4443146875, 1804752.9830226887, 1260941.6082420214, 1113103.352335186, 613796.0085442468, 83760.45100619347, 827754.776160591, 5369149.693350929]",0.9785714285714285
22,0.9785714285714284
23,0.9785714285714284
"[152136794.12830645, 434976.10734094953, 2619061.211658704, 674904.3349342122, 218297.47056295996, 269703.56148293545, 51325.59280180691, 1242803.8216938851, 1809910.9546076239]",0.9785714285714285
23,0.9785714285714284
"[144396458.6806286, 1215328.1065352636, 1771546.9467036317, 580933.4647910398, 685817.2625764284, 146259.7232025097, 149817.43533627386, 1142901.9891993485, 2939310.8548541595]",0.9785714285714285
23,0.9785714285714284
"[131543109.35457113, 234982.2838328227, 1625128.237077261, 474259.9095315152, 261609.9086836151, 341314.62096209126, 16165.790694142124, 1043472.3929835218, 4868722.333246465]",0.9785714285714285
23,0.9785714285714284
"[127993355.66147767, 261353.94946383845, 1931076.2461227989, 781298.3113322847, 325470.0238739294, 294119.1804578123, 27120.202665723282, 875731.2108200397, 10195033.087149605]",0.9785714285714285
23,0.9785714285714284
"[113712096.87591445, 147800.9593931224, 2708503.5532965735, 913098.9595993252, 1023652.6816891795, 267162.21885625186, 10547.56283685989, 320458.91937538877, 10553934.607297199]",0.9785714285714285
23,0.9785714285714284
"[109715727.2247665, 425630.27731315757, 2241820.727373184, 530265.3857083467, 353436.1857873392, 231561.9042016275, 49251.49231375613, 643097.527701277, 7408740.885162247]",0.9785714285714285
23,0.9785714285714284
"[108783332.97736129, 1524969.313032325, 2311042.9254612755, 707369.2985444572, 429787.51243621524, 162755.02929056328, 170880.08240647597, 1376900.9777410794, 3465821.691815153]",0.9785714285714285
23,0.9785714285714284
"[104381636.95738906, 298281.5687638208, 3389509.045029591, 416678.9991159582, 145159.67592727684, 261605.62603093538, 40764.89867184608, 1750882.2959279744, 1253627.4615195198]",0.9785714285714285
23,0.9785714285714284
"[83950169.36165005, 151503.7964653161, 3791358.98034886, 623464.5978053473, 584200.574443219, 329336.91254705295, 7384.8489290335165, 171220.38087783902, 9712546.268303774]",0.9785714285714285
23,0.9785714285714284
24,0.9785714285714284
"[214117504.23091727, 333486.42621922377, 2442990.748543774, 425110.97109775717, 130101.0231509418, 123391.9446819406, 6841.7753217264235, 1119883.205937028, 2398091.42338437]",0.9785714285714285
24,0.9785714285714284
"[200563250.01345935, 271485.87886837125, 1728629.1629548357, 495945.67222373746, 197934.76339081602, 179917.7838696141, 10388.704100112194, 1539395.7432912593, 1846948.7846771076]",0.9785714285714285
24,0.9785714285714284
"[164517286.00693148, 582834.0964358242, 3151968.560750857, 541442.3742184158, 140470.3407096275, 334776.79350651114, 38862.017363544976, 700512.7727498905, 2265952.7671591667]",0.9785714285714285
24,0.9785714285714284
"[143158489.99371123, 278793.12118856504, 1968907.0815608497, 332842.16927923594, 118032.42997731059, 384033.32278455223, 21993.7772296836, 923056.2483094911, 1803251.1993095262]",0.9785714285714285
24,0.9785714285714284
"[123449565.84103142, 1180405.1053946456, 1191506.0843911425, 308397.9823176947, 682196.1761814347, 113943.47910441305, 126308.59956393612, 771722.8181360085, 4642404.156487324]",0.9785714285714285
24,0.9785714285714284
"[117702375.8339341, 1040438.9428841209, 2244702.3299912238, 551962.6416102637, 687245.6367250691, 151126.42496985703, 174778.3378089746, 617293.881615233, 3836931.5825065053]",0.9785714285714285
24,0.9785714285714284
"[109715727.2247665, 425630.27731315757, 2241820.727373184, 530265.3857083467, 353436.1857873392, 231561.9042016275, 49251.49231375613, 643097.527701277, 7408740.885162247]",0.9785714285714285
24,0.9785714285714284
"[108783332.97736129, 1524969.313032325, 2311042.9254612755, 707369.2985444572, 429787.51243621524, 162755.02929056328, 170880.08240647597, 1376900.9777410794, 3465821.691815153]",0.9785714285714285
24,0.9785714285714284
"[104381636.95738906, 298281.5687638208, 3389509.045029591, 416678.9991159582, 145159.67592727684, 261605.62603093538, 40764.89867184608, 1750882.2959279744, 1253627.4615195198]",0.9785714285714285
24,0.9785714285714284
25,0.9785714285714284
"[238581775.46055293, 415618.3652385926, 4316291.849772331, 698302.8697114675, 207283.6589582463, 296990.6294197844, 31374.508436597233, 865023.1220725917, 2672298.463001239]",0.9785714285714285
25,0.9785714285714284
"[210446026.57553008, 165683.93520610768, 1661210.2472320185, 329189.4653021243, 166621.05278964856, 153427.22582709158, 13126.738474886904, 1994345.8877441515, 2381242.4290708154]",0.9785714285714285
25,0.9785714285714284
"[184879695.81706542, 389627.88514422206, 3655927.9953946695, 519222.46618269116, 162330.0828523361, 160733.16180819264, 4260.204039911071, 1022026.2184344665, 1899076.672799048]",0.9785714285714285
25,0.9785714285714284
"[163576999.18860555, 413452.6997195396, 1019016.9706693946, 410594.2093539214, 105911.27207169429, 274290.6920291116, 31178.304369688092, 717508.8066065229, 2121689.432332134]",0.9785714285714285
25,0.9785714285714284
"[155857572.56167078, 773575.4295257487, 2704212.8595516924, 716670.1522657934, 112807.4745357422, 335348.591087817, 41446.02362978541, 1055543.3723545948, 1801455.908874209]",0.9785714285714285
25,0.9785714285714284
"[143158489.99371123, 278793.12118856504, 1968907.0815608497, 332842.16927923594, 118032.42997731059, 384033.32278455223, 21993.7772296836, 923056.2483094911, 1803251.1993095262]",0.9785714285714285
25,0.9785714285714284
"[138864269.01658443, 667200.6089296066, 1238950.0091723683, 377889.3205953768, 703805.2952403612, 92738.97877804114, 132700.93639717624, 379828.28328816884, 3406415.657591424]",0.9785714285714285
25,0.9785714285714284
"[130307000.37684761, 352964.40844406345, 4707390.957795298, 231232.69022467424, 112016.31331213389, 350980.5024685792, 30571.286033403343, 1674866.5609781079, 1667735.5477052033]",0.9785714285714285
25,0.9785714285714284
"[124669898.07456806, 852339.4843072816, 1625065.4221755122, 203146.30026475462, 485875.15528341045, 87014.46784836121, 164440.1243054859, 922202.906074841, 3803017.031359522]",0.9785714285714285
25,0.9785714285714284
