0,0.7866666666666667
"[0.6590931327827287, 1.6380811323925162, 0.7940588585318156, 0.8710941131970353, 0.5781860092335809, 0.18325202464787638, 0.16560480320699766, 1.9727087055314139, 1.0395553851379418, 0.16098426554158562, 0.5984836557608137, 0.8241217209374923, 1.2948101480991927, 0.701617799104737, 0.14552989449071618, 0.5817945814138812, 0.43337830994593984]",0.7666666666666667
0,0.7866666666666667
"[0.9122559279920435, 1.001773581607207, 1.7632023300214175, 1.1073493540064485, 0.9025919738530792, 1.4952972694291877, 1.2281325585165437, 1.2975521499603508, 1.3491906997528886, 1.8436920171641336, 1.5098159066700938, 0.9683547764109419, 0.7500219646756807, 1.7386678020104571, 1.659339873832224, 1.7226466581923288, 1.6522663955493386]",0.7666666666666667
0,0.7866666666666667
"[0.005826445499161004, 0.21487096981371367, 1.5970685735962842, 0.2035353328255063, 1.2904819814656774, 1.449983589871439, 0.23691739617955987, 0.5822524868538717, 0.5978829073111658, 0.189415000043601, 1.8869324072806557, 1.7843875423833326, 0.02013872181609755, 0.8482863244152523, 0.25183459633896366, 1.9865166016778024, 1.405453952809252]",0.8333333333333334
0,0.7866666666666667
"[0.3538684601366753, 0.8966555754272529, 0.7464593575807801, 1.2143324484618352, 1.040419823511431, 1.4542794437381816, 1.179170007885313, 0.076838338293304, 0.6395806009350271, 0.13538613217644246, 1.8204416639759362, 0.8026542311576024, 0.14975057726629148, 0.3505256755964976, 0.7350375533495948, 1.1996702564203812, 0.4931642587256948]",0.8
0,0.7866666666666667
"[1.7765254953084708, 0.5576214181720731, 1.037541501693044, 0.7662365012539007, 0.9310435674413164, 0.34259650088085314, 0.4675673213462679, 0.6031310815542421, 0.5531133604688523, 0.046071891843757484, 1.826071700325129, 1.5568343489520855, 0.07967227015291223, 0.24462813292409513, 1.6769993297399641, 1.0709177115319946, 0.3420228321241976]",0.7333333333333333
0,0.7866666666666667
"[0.9565225478460084, 0.36922564419865767, 0.5261996087445278, 0.4528990807517306, 1.1912085494781266, 1.2086634657033535, 0.6933362953555389, 0.18268155456176505, 1.224671351210218, 1.241462788605766, 0.9906432152471867, 0.36649982822187877, 0.529560340176936, 1.9193042994671685, 1.9308944996525015, 0.5315016385586937, 0.7971736269464196]",0.8666666666666667
0,0.7866666666666667
"[0.0906409970218025, 0.9599373738017252, 1.4159204702966997, 0.505481878893091, 0.49866546186340543, 0.49735466624560165, 0.032792418674914225, 1.3589523112633357, 1.982786434669278, 0.5709364184626398, 1.6193355191591783, 1.7953102951859632, 1.3356093347193898, 1.6296570860826889, 1.601848377696284, 1.7580042784316243, 1.6544258934513314]",0.7666666666666667
0,0.7866666666666667
"[0.12234347380326316, 1.136343003199731, 1.0830871658188417, 1.7118748872234617, 1.096506602815146, 0.7859069899558719, 1.4310082681761702, 1.0659361160801062, 1.3207103826989957, 0.9498196490141138, 0.8791681988860589, 0.4365283505741415, 0.13358197518274761, 1.1817946576547045, 0.39183268043048436, 1.2542799117657573, 0.2818947323920524]",0.7333333333333333
0,0.7866666666666667
"[0.3174352669587355, 0.8831768969406704, 0.9020045754428818, 1.960627201360203, 1.1804167636509961, 0.5455671868733398, 0.3593864950855612, 0.4853837491031434, 1.5709810031182152, 1.5096780240245633, 0.5178964929057062, 0.19626916866480748, 1.0296023647689019, 0.22100446959633335, 0.523450618310926, 1.1470547662053157, 1.7158831581925456]",0.7666666666666667
0,0.7866666666666667
1,0.8366666666666667
"[5.362352526824377, 3.218152094216248, 3.7051456756673264, 3.82077559616412, 7.295763979577194, 8.029407096203192, 4.1103824309062595, 1.85726643115774, 8.63653271808106, 4.747769921173865, 6.493506407991399, 2.3828522859336565, 3.7882612739615844, 8.643880441947434, 10.253565224551803, 3.460102002953431, 5.7916266901402835]",0.8333333333333334
1,0.8366666666666667
"[4.490990016073487, 3.5569835129084018, 3.306476714041458, 4.418096388241965, 8.152024296548937, 7.818656866662412, 3.02017623749867, 1.8043259537117036, 5.603839054484397, 5.838857299260884, 7.588806118773156, 3.6205351999429243, 3.304215191649082, 7.693549685096127, 7.173897071869367, 4.03482626837756, 5.620950727519293]",0.8333333333333334
1,0.8366666666666667
"[4.463353648992587, 0.952728606616047, 1.8252238549659718, 1.4468293266222512, 1.8814138173747095, 0.7203221091400622, 1.2442622339907334, 1.0856942379627594, 1.413043432112946, 0.08024438674950105, 4.30594095163418, 3.8340634261020368, 0.16302468027157688, 0.5694965294118207, 4.132726363692451, 2.3916508770787632, 0.8386222693383623]",0.8333333333333334
1,0.8366666666666667
"[4.315766975412457, 3.513924206365645, 3.4226221175243294, 3.1795034081689946, 8.67290920831486, 7.8680253402455325, 3.705166660161303, 2.4491110110303365, 8.231738911087302, 5.044617724297095, 6.826636697577678, 3.6391213834345493, 3.5279558630399617, 10.090614707431914, 9.11046547311166, 4.303361662621536, 3.788863349500324]",0.8333333333333334
1,0.8366666666666667
"[4.290839700905346, 2.105991857033832, 2.686487875035331, 2.4070645790429164, 5.764878255732744, 5.427765856885291, 2.330300757250125, 0.8965752509881818, 6.170751981620854, 3.794662055642415, 5.657232025090575, 1.9003311205477398, 2.38821574569263, 7.52793174766432, 7.31354363996513, 2.4966233955614174, 4.00785262144937]",0.8333333333333334
1,0.8366666666666667
"[4.236312828935526, 2.35449031867359, 2.827511940278326, 3.5260264435830146, 7.2902470858595905, 5.751902248129536, 4.438278844385849, 2.038724318463273, 7.57174871704084, 6.919600927380232, 5.8124449040298725, 3.025047944156613, 2.5653961500000553, 6.872646887847874, 7.368360482831591, 3.1106121760071264, 3.7379003642477366]",0.8333333333333334
1,0.8366666666666667
"[3.657051197814038, 3.7110617569519726, 7.024338469839814, 5.8225234680004725, 4.19025269850522, 6.661876011761066, 8.055378736041897, 6.154907036085627, 8.452230621593486, 8.933434126043975, 5.957765127417799, 4.732324052513269, 4.3020275837030395, 7.109652851865126, 9.218549600623032, 8.533744400198195, 6.215737743810666]",0.8333333333333334
1,0.8366666666666667
"[2.755225084253926, 8.475046632556342, 2.907147593940651, 3.4885263070728056, 2.678269357213884, 1.0687830274658168, 0.7025429202125245, 8.263352011310717, 6.202403896507499, 0.7929642261720243, 2.173676654905785, 2.591559264568423, 6.324093839902344, 3.0268399670176014, 0.6735193352318705, 3.4882484594400287, 2.411785793066274]",0.8333333333333334
1,0.8366666666666667
"[2.0863268338242014, 0.3515572330012562, 3.8157787558799106, 3.4429313043780523, 2.5722329261165546, 3.2995629453799893, 1.0695258512458865, 3.5494241057445244, 0.19681255944843293, 4.2608757751830115, 2.5895735772648014, 1.818020986999479, 2.005474644799726, 0.48377155115588494, 0.6912420086130244, 1.4620446760431374, 4.143231037709841]",0.8333333333333334
1,0.8366666666666667
2,0.85
"[8.090152991066562, 8.487878006198489, 5.24261082389571, 10.370225082092205, 18.427536988422226, 16.85161041721667, 6.129724995250934, 3.966110015172276, 12.631811685941742, 12.679256273928997, 18.1160857214536, 6.552749943064112, 4.8393712362441255, 18.389449788028983, 14.40301069205725, 5.979067225305603, 9.723167806343637]",0.8666666666666667
2,0.85
"[7.189830214104628, 4.509711145587781, 4.644872241654704, 6.535974825886355, 17.632602680243995, 12.820411184716964, 7.538281524125936, 4.220784360071837, 13.776257555798455, 16.281085714652068, 10.862515436540907, 5.8822029128905, 5.223036182836069, 16.687403481866077, 17.723012823068526, 4.8500163900757505, 8.088812597253984]",0.8666666666666667
2,0.85
"[6.817415902442161, 5.7375090251572765, 6.036411661138995, 5.906980763555778, 18.272826977201838, 11.422837559055854, 7.281603361323077, 5.6870106566343175, 16.659556918511708, 9.900741446129059, 15.894554426854167, 5.396921718472236, 6.583239043257868, 21.176243532488737, 19.16534908882694, 8.86960399395947, 5.921317751861709]",0.8666666666666667
2,0.85
"[4.315766975412457, 3.513924206365645, 3.4226221175243294, 3.1795034081689946, 8.67290920831486, 7.8680253402455325, 3.705166660161303, 2.4491110110303365, 8.231738911087302, 5.044617724297095, 6.826636697577678, 3.6391213834345493, 3.5279558630399617, 10.090614707431914, 9.11046547311166, 4.303361662621536, 3.788863349500324]",0.8666666666666667
2,0.85
"[19.98239509642892, 11.185043361243686, 16.179401559840787, 13.88048067128079, 22.248067435092768, 20.49161493400819, 11.129467315765623, 4.625668624940482, 18.20696026983766, 13.155235976456485, 31.57791490065328, 12.231489666315902, 13.839448077866821, 26.48285966383228, 23.537690919071736, 22.233033775397182, 21.604356161208308]",0.8333333333333334
2,0.85
"[16.28610239339784, 16.71080151480145, 10.15183320536742, 22.97391226669304, 37.47576269435295, 30.858105684405007, 13.0056916831719, 7.687038275468494, 20.11245266333509, 19.663825348588084, 32.28997423083245, 9.972566224957543, 7.788769749960201, 38.399456491187124, 24.356018177377855, 12.437841614182009, 14.281645506274412]",0.8333333333333334
2,0.85
"[15.645231399286413, 11.7156966161059, 14.511822543848115, 19.825688823154817, 31.20245026087596, 31.38705526635839, 19.399199469976622, 6.009614657231888, 41.620575548827816, 19.922331611718274, 26.774767647710338, 10.994762638573052, 14.671027868718372, 39.51622622965488, 38.40516017396925, 13.449019321962966, 14.589988576931617]",0.8333333333333334
2,0.85
"[14.38228147575111, 11.487880148910104, 8.279863610791102, 6.457939218648245, 15.478959252988368, 12.835600090446684, 11.146580973450652, 3.439714942711774, 22.36495878320772, 14.50012832939164, 20.20835639685696, 5.781771113152382, 7.969297554206466, 32.887508949762726, 24.041228572642314, 6.633569043206529, 8.994039923077942]",0.8333333333333334
2,0.85
"[10.90804915365236, 7.678906382786119, 6.163637725067042, 9.02541193635058, 16.341975187298043, 13.282377686704777, 9.758303191890882, 2.770647611477728, 20.119656561883495, 8.644846420928422, 15.544013512327135, 4.633743324874963, 6.086699822693183, 18.120501279534242, 18.889406136143275, 6.809070934007581, 8.69516589302708]",0.8333333333333334
2,0.85
3,0.86
"[20.733489581723823, 18.053370513206975, 18.1885316092739, 20.079634193505548, 31.17626204786319, 26.36407055233616, 21.08194089174513, 17.76444372769103, 27.31991692341765, 29.824745082271264, 24.406174804160102, 19.425862280509694, 18.766695550455264, 30.23106284948527, 31.26667219068772, 18.393675757694943, 21.632471964873176]",0.8666666666666667
3,0.86
"[14.749295699638951, 12.557143521676188, 7.009988997921488, 17.457743486587134, 26.27800049454883, 22.12073516958114, 10.926603939076008, 6.733444240268951, 26.25412292833449, 22.13987185789674, 25.510354256891194, 10.775225864700182, 7.873696436271636, 31.57400589120237, 23.66273176371257, 7.734796373265282, 18.68027412259331]",0.8666666666666667
3,0.86
"[7.852971798795773, 5.384096591908078, 12.2821212766771, 10.161415169271544, 8.150383764597036, 13.100385736197136, 17.293017931450073, 10.091744163351631, 13.256158787121835, 18.695558905457386, 10.225871148711555, 7.376969697120773, 8.514906314433494, 10.92253264761017, 19.94854142212421, 17.727296561208384, 10.68692259991205]",0.8666666666666667
3,0.86
"[7.189830214104628, 4.509711145587781, 4.644872241654704, 6.535974825886355, 17.632602680243995, 12.820411184716964, 7.538281524125936, 4.220784360071837, 13.776257555798455, 16.281085714652068, 10.862515436540907, 5.8822029128905, 5.223036182836069, 16.687403481866077, 17.723012823068526, 4.8500163900757505, 8.088812597253984]",0.8666666666666667
3,0.86
"[4.681204159754253, 12.257135866122828, 4.640553787088715, 8.03592261830482, 4.217346990965437, 2.3287261545523554, 1.496198749626601, 14.161933475553802, 9.977867535447794, 1.6751027345224723, 3.1283441146572564, 4.061746694570864, 9.294477175049929, 6.489460319181739, 1.5763488279856188, 8.249687953664578, 4.648394155455333]",0.8666666666666667
3,0.86
"[3.174004870080272, 0.5639935618546589, 7.927746156752116, 8.199638929189478, 5.058794190175558, 6.050498233736931, 1.6072105076124579, 5.8772588746586765, 0.33448839423842974, 9.719977175967704, 5.244225325052759, 2.6094832332610007, 3.4212216641097264, 0.851280510997314, 1.2542550073079017, 3.2612060695108, 6.491653344853974]",0.8666666666666667
3,0.86
"[1.8361392505648049, 0.8675624758021093, 1.1270878009623084, 1.069326234330598, 2.892650491728602, 2.609329336759891, 1.1652818759141266, 0.48082887759381066, 2.7427884999571592, 2.224119483654336, 2.2655954642875367, 0.8878136437222639, 0.9216902414248775, 3.3939720706143306, 3.5275515584189057, 1.2738953874016028, 1.6613516065309384]",0.8666666666666667
3,0.86
"[45.51380447017041, 38.86468521586157, 24.434750554676505, 31.819544589564412, 55.26140807399005, 49.648372039683665, 27.517158044850937, 25.2393528440762, 50.2960540970627, 46.312858522860346, 54.19654632324571, 25.3655695255548, 29.89390548435612, 56.80387707261947, 52.51532639502003, 27.478908383504237, 30.211539743146506]",0.8333333333333334
3,0.86
"[33.566465993963504, 41.33472812311998, 36.164059789503185, 29.33351356996529, 64.54472272571546, 65.1997948350564, 44.8253394516011, 28.912523363529296, 50.89508469596767, 56.64647822366871, 61.11632689109729, 40.29298444944449, 47.63447659067762, 49.82381726970571, 63.258494209418416, 45.93572222419039, 35.496443950409116]",0.8333333333333334
3,0.86
4,0.86
"[33.566465993963504, 41.33472812311998, 36.164059789503185, 29.33351356996529, 64.54472272571546, 65.1997948350564, 44.8253394516011, 28.912523363529296, 50.89508469596767, 56.64647822366871, 61.11632689109729, 40.29298444944449, 47.63447659067762, 49.82381726970571, 63.258494209418416, 45.93572222419039, 35.496443950409116]",0.8666666666666667
4,0.86
"[22.31704559871471, 22.938908689951575, 18.24924616804301, 11.090916483231526, 26.764178483239498, 28.400389647924197, 22.944010087275544, 4.869097142528071, 30.000048385774505, 21.772500553530563, 35.138220605293114, 11.779221963115388, 12.268651234008011, 51.49307278422742, 52.145410619226524, 9.905886769583775, 18.897076311159175]",0.8666666666666667
4,0.86
"[20.874194939497492, 11.130129182834047, 7.866367661079568, 13.903928322533163, 25.818580060240333, 27.490093909384008, 13.662893036484947, 3.4854643101241694, 30.035047084619457, 11.568372929668023, 28.100224513538954, 7.324910166693481, 10.359127765075948, 30.723908142864467, 39.70689829707797, 8.702671435275107, 16.374168285804924]",0.8666666666666667
4,0.86
"[13.875962447638452, 8.034475025462292, 6.6071765986878805, 9.758260986595076, 33.6770561833099, 26.680228336176462, 14.042040523552242, 7.089041605867799, 28.21550784398452, 31.31266146512685, 17.323639992942972, 11.552128705319507, 8.294948747911643, 23.16634810136042, 20.98303237154105, 9.98280161370938, 9.942580520290306]",0.8666666666666667
4,0.86
"[3.174004870080272, 0.5639935618546589, 7.927746156752116, 8.199638929189478, 5.058794190175558, 6.050498233736931, 1.6072105076124579, 5.8772588746586765, 0.33448839423842974, 9.719977175967704, 5.244225325052759, 2.6094832332610007, 3.4212216641097264, 0.851280510997314, 1.2542550073079017, 3.2612060695108, 6.491653344853974]",0.8666666666666667
4,0.86
"[2.0863268338242014, 0.3515572330012562, 3.8157787558799106, 3.4429313043780523, 2.5722329261165546, 3.2995629453799893, 1.0695258512458865, 3.5494241057445244, 0.19681255944843293, 4.2608757751830115, 2.5895735772648014, 1.818020986999479, 2.005474644799726, 0.48377155115588494, 0.6912420086130244, 1.4620446760431374, 4.143231037709841]",0.8666666666666667
4,0.86
"[1.8361392505648049, 0.8675624758021093, 1.1270878009623084, 1.069326234330598, 2.892650491728602, 2.609329336759891, 1.1652818759141266, 0.48082887759381066, 2.7427884999571592, 2.224119483654336, 2.2655954642875367, 0.8878136437222639, 0.9216902414248775, 3.3939720706143306, 3.5275515584189057, 1.2738953874016028, 1.6613516065309384]",0.8666666666666667
4,0.86
"[91.02206318715402, 63.91684565733571, 35.96475285919867, 49.35085563128192, 89.58435893182619, 60.33457122187342, 31.486798353540024, 52.450506588805354, 65.47379644721782, 55.69322144191248, 106.75039170932445, 32.981624016832484, 34.012361010271974, 91.08562033965846, 58.71420260342987, 41.456563218168924, 44.28357993643691]",0.8333333333333334
4,0.86
"[70.48276851911356, 55.8998274286, 58.08686127584211, 37.57770715926488, 89.31200370142982, 106.59312896437012, 92.84806458681179, 49.56677949361959, 89.19193428951843, 112.52356902254337, 87.04612395270293, 70.65216603695141, 89.05940297049042, 65.2951395647404, 129.0971632522458, 91.86792177523834, 46.56512274795483]",0.8333333333333334
4,0.86
5,0.86
"[70.48276851911356, 55.8998274286, 58.08686127584211, 37.57770715926488, 89.31200370142982, 106.59312896437012, 92.84806458681179, 49.56677949361959, 89.19193428951843, 112.52356902254337, 87.04612395270293, 70.65216603695141, 89.05940297049042, 65.2951395647404, 129.0971632522458, 91.86792177523834, 46.56512274795483]",0.8666666666666667
5,0.86
"[20.79648200674886, 8.683580931607056, 10.917767929791463, 12.688854085314748, 52.93853884860928, 31.187188323126822, 27.31128600169436, 11.172244275544756, 41.92674991024169, 59.14143387591168, 25.590305442971474, 18.73374116572151, 10.45437574449596, 42.793019809855274, 29.323609010597327, 16.046236201650515, 18.1703037170319]",0.8666666666666667
5,0.86
"[3.5714230122823554, 0.785360876277108, 11.526708170256676, 17.0667445409969, 9.324508504235135, 6.891645192691736, 2.649834444883448, 11.0271850487227, 0.5018179706482182, 16.880135400228507, 6.446083123003094, 3.5092110617081715, 4.267623423859504, 1.4037040291033962, 1.6843407906653667, 5.1016383931322276, 9.821579474256957]",0.8666666666666667
5,0.86
"[3.421658980779192, 1.6413345390800025, 1.6891784105525427, 1.8075136164658536, 4.310699549068116, 4.677561680864339, 1.3419629110246714, 0.8389022699336495, 3.186465372825614, 3.688497322638739, 3.0297991275714886, 1.552421227121651, 1.3481393779749835, 4.965306099970887, 7.041903476761862, 2.3378362687752254, 1.8620762892104767]",0.8666666666666667
5,0.86
"[2.0863268338242014, 0.3515572330012562, 3.8157787558799106, 3.4429313043780523, 2.5722329261165546, 3.2995629453799893, 1.0695258512458865, 3.5494241057445244, 0.19681255944843293, 4.2608757751830115, 2.5895735772648014, 1.818020986999479, 2.005474644799726, 0.48377155115588494, 0.6912420086130244, 1.4620446760431374, 4.143231037709841]",0.8666666666666667
5,0.86
"[2.0863268338242014, 0.3515572330012562, 3.8157787558799106, 3.4429313043780523, 2.5722329261165546, 3.2995629453799893, 1.0695258512458865, 3.5494241057445244, 0.19681255944843293, 4.2608757751830115, 2.5895735772648014, 1.818020986999479, 2.005474644799726, 0.48377155115588494, 0.6912420086130244, 1.4620446760431374, 4.143231037709841]",0.8666666666666667
5,0.86
"[1.8361392505648049, 0.8675624758021093, 1.1270878009623084, 1.069326234330598, 2.892650491728602, 2.609329336759891, 1.1652818759141266, 0.48082887759381066, 2.7427884999571592, 2.224119483654336, 2.2655954642875367, 0.8878136437222639, 0.9216902414248775, 3.3939720706143306, 3.5275515584189057, 1.2738953874016028, 1.6613516065309384]",0.8666666666666667
5,0.86
"[141.63722453354507, 84.63959425652526, 40.020244033839525, 77.96891888774029, 134.4952869246209, 72.85374625898724, 43.84216453752752, 90.12024443899807, 80.26497103632141, 58.73605108339262, 168.70314250905287, 56.05783742444238, 56.821180623814286, 170.71146484943588, 99.4878991638918, 50.546129822881646, 67.93572668497565]",0.8333333333333334
5,0.86
"[131.60474367015755, 59.80763371200709, 96.4639059398136, 62.36549981788212, 112.99011186985754, 139.01725155712072, 150.17554924864626, 51.49058296594515, 160.8909528053353, 197.0927109835037, 92.00510445867103, 97.45518143055043, 156.2923257252932, 79.2008213250995, 158.05507825133685, 142.67417875599648, 64.42593930557098]",0.8333333333333334
5,0.86
6,0.8633333333333335
"[73.79393437559975, 105.33044064767381, 86.45211002287553, 49.198208911293065, 114.31126879022287, 182.35638864514493, 143.0407160096811, 54.0787045692732, 174.12524388955052, 180.1514894931441, 119.96847735109489, 73.65349830388679, 128.03653011047476, 104.89903592592549, 210.7799105220924, 123.68355199204012, 66.22746396682241]",0.8666666666666667
6,0.8633333333333335
"[2.8812046813859142, 1.0773824584169367, 1.9193721837532922, 2.0275820728879967, 3.9370604299032044, 4.209054209400987, 1.440544177856625, 0.7870641582647058, 4.960708227708988, 2.050644908782337, 4.269711553977594, 0.9472058775704606, 1.4971180459789921, 5.786558254697695, 6.097035233139322, 1.2264143190394192, 1.8628554586135337]",0.8666666666666667
6,0.8633333333333335
"[2.093084987375444, 0.4589415939680011, 6.6580779384266595, 6.271654652979066, 2.8660721069054396, 4.333706216504071, 1.5380239317891922, 6.588377343104289, 0.19733671197189964, 8.248174887544817, 4.760493739628957, 2.2584267596915044, 3.7136917462740904, 0.9398237909322107, 1.2203905237807788, 1.59130960188038, 6.420072393900316]",0.8666666666666667
6,0.8633333333333335
"[2.0863268338242014, 0.3515572330012562, 3.8157787558799106, 3.4429313043780523, 2.5722329261165546, 3.2995629453799893, 1.0695258512458865, 3.5494241057445244, 0.19681255944843293, 4.2608757751830115, 2.5895735772648014, 1.818020986999479, 2.005474644799726, 0.48377155115588494, 0.6912420086130244, 1.4620446760431374, 4.143231037709841]",0.8666666666666667
6,0.8633333333333335
"[2.0863268338242014, 0.3515572330012562, 3.8157787558799106, 3.4429313043780523, 2.5722329261165546, 3.2995629453799893, 1.0695258512458865, 3.5494241057445244, 0.19681255944843293, 4.2608757751830115, 2.5895735772648014, 1.818020986999479, 2.005474644799726, 0.48377155115588494, 0.6912420086130244, 1.4620446760431374, 4.143231037709841]",0.8666666666666667
6,0.8633333333333335
"[2.0226695236861296, 1.4833943037877575, 1.6387424395787482, 1.3768350807509184, 5.347682957162444, 4.272420235470887, 1.5054050251053666, 0.49634934866609004, 3.155421184778667, 2.472127445334955, 3.728267277820425, 1.1122125256454038, 1.1498301319343902, 5.709873905853158, 5.17689014689768, 1.5531952017772475, 3.1478374338642805]",0.8666666666666667
6,0.8633333333333335
"[1.8361392505648049, 0.8675624758021093, 1.1270878009623084, 1.069326234330598, 2.892650491728602, 2.609329336759891, 1.1652818759141266, 0.48082887759381066, 2.7427884999571592, 2.224119483654336, 2.2655954642875367, 0.8878136437222639, 0.9216902414248775, 3.3939720706143306, 3.5275515584189057, 1.2738953874016028, 1.6613516065309384]",0.8666666666666667
6,0.8633333333333335
"[1.8361392505648049, 0.8675624758021093, 1.1270878009623084, 1.069326234330598, 2.892650491728602, 2.609329336759891, 1.1652818759141266, 0.48082887759381066, 2.7427884999571592, 2.224119483654336, 2.2655954642875367, 0.8878136437222639, 0.9216902414248775, 3.3939720706143306, 3.5275515584189057, 1.2738953874016028, 1.6613516065309384]",0.8666666666666667
6,0.8633333333333335
"[210.3727565304861, 59.08991409067079, 159.48051991931237, 82.05151519442808, 109.47514063231033, 226.1562049097747, 284.1672852467551, 69.31313328622647, 241.92178602538652, 264.89570185856434, 98.49905850777117, 110.79128113133123, 185.41076733740186, 147.76457344085037, 261.6731897344281, 254.45878777631424, 100.42609781533973]",0.8333333333333334
6,0.8633333333333335
7,0.8666666666666668
"[145.72636148292656, 128.7890631488981, 67.561779663806, 125.9129667879676, 221.8502179242304, 66.56873373330757, 79.18587735187685, 145.79091622902098, 140.3486405384986, 106.88524012882749, 290.12151994067307, 55.77221441066524, 101.14035695322306, 284.49800101435926, 112.98138825015933, 93.17119546341581, 65.67385312939854]",0.8666666666666667
7,0.8666666666666668
"[3.6666609012982754, 0.3554879933956989, 5.420292624507299, 4.297714732278231, 2.9104408465600407, 5.659918937310431, 1.2820415070742097, 3.4355420779273453, 0.3598709528198803, 4.474794885296317, 3.970418798997357, 1.6727022668209481, 3.4480444951010645, 0.8877336618424366, 1.262669649037463, 2.1937314278506124, 6.160117260239627]",0.8666666666666667
7,0.8666666666666668
"[3.2588110816708413, 1.387534519016375, 2.0298315688331674, 1.3587292268927615, 9.765289308973863, 3.9519659868497015, 2.6247520597673124, 0.4729618310745611, 4.179155471999528, 3.6646545289114676, 6.407887143442315, 1.9484637978194697, 2.0442934894638096, 9.403889772932345, 6.3276808830301, 1.323869531757623, 3.542152719260712]",0.8666666666666667
7,0.8666666666666668
"[2.976204481853805, 1.3489936244266114, 1.1258438506796722, 1.3126938091517009, 3.8678606167264737, 4.738045633158787, 1.414578929727374, 0.6284680869117802, 4.805712950137622, 3.444416144308678, 3.446426392066093, 0.8116733163545212, 1.3597460648058775, 4.130680145933871, 5.28310946381378, 2.3055831037567796, 1.7762395927836772]",0.8666666666666667
7,0.8666666666666668
"[2.0863268338242014, 0.3515572330012562, 3.8157787558799106, 3.4429313043780523, 2.5722329261165546, 3.2995629453799893, 1.0695258512458865, 3.5494241057445244, 0.19681255944843293, 4.2608757751830115, 2.5895735772648014, 1.818020986999479, 2.005474644799726, 0.48377155115588494, 0.6912420086130244, 1.4620446760431374, 4.143231037709841]",0.8666666666666667
7,0.8666666666666668
"[2.0226695236861296, 1.4833943037877575, 1.6387424395787482, 1.3768350807509184, 5.347682957162444, 4.272420235470887, 1.5054050251053666, 0.49634934866609004, 3.155421184778667, 2.472127445334955, 3.728267277820425, 1.1122125256454038, 1.1498301319343902, 5.709873905853158, 5.17689014689768, 1.5531952017772475, 3.1478374338642805]",0.8666666666666667
7,0.8666666666666668
"[1.8361392505648049, 0.8675624758021093, 1.1270878009623084, 1.069326234330598, 2.892650491728602, 2.609329336759891, 1.1652818759141266, 0.48082887759381066, 2.7427884999571592, 2.224119483654336, 2.2655954642875367, 0.8878136437222639, 0.9216902414248775, 3.3939720706143306, 3.5275515584189057, 1.2738953874016028, 1.6613516065309384]",0.8666666666666667
7,0.8666666666666668
"[1.8361392505648049, 0.8675624758021093, 1.1270878009623084, 1.069326234330598, 2.892650491728602, 2.609329336759891, 1.1652818759141266, 0.48082887759381066, 2.7427884999571592, 2.224119483654336, 2.2655954642875367, 0.8878136437222639, 0.9216902414248775, 3.3939720706143306, 3.5275515584189057, 1.2738953874016028, 1.6613516065309384]",0.8666666666666667
7,0.8666666666666668
"[1.8361392505648049, 0.8675624758021093, 1.1270878009623084, 1.069326234330598, 2.892650491728602, 2.609329336759891, 1.1652818759141266, 0.48082887759381066, 2.7427884999571592, 2.224119483654336, 2.2655954642875367, 0.8878136437222639, 0.9216902414248775, 3.3939720706143306, 3.5275515584189057, 1.2738953874016028, 1.6613516065309384]",0.8666666666666667
7,0.8666666666666668
8,0.8666666666666668
"[5.548830112411248, 2.3002606459036206, 2.472875372025592, 2.3498834088748817, 14.795719451924255, 5.190611282889263, 3.9652951461955173, 0.6075607682330195, 6.376423962574227, 3.0629380495092318, 10.739796036122392, 2.7598653577945127, 2.7160965388607723, 9.623104467852242, 9.821745665140181, 1.2963459417846663, 3.3429701502561575]",0.8666666666666667
8,0.8666666666666668
"[3.333845732214843, 0.8728345273721292, 1.1737645753024573, 1.138611930942616, 4.533037907009252, 3.256734227574483, 2.6215933397846696, 0.49819001335389446, 6.06045982675945, 3.2052562574936294, 3.341277472491439, 1.4846781351557108, 1.4277192481248195, 6.993911777708044, 4.8876549877578075, 1.812683963971032, 2.3520873786373695]",0.8666666666666667
8,0.8666666666666668
"[3.2588110816708413, 1.387534519016375, 2.0298315688331674, 1.3587292268927615, 9.765289308973863, 3.9519659868497015, 2.6247520597673124, 0.4729618310745611, 4.179155471999528, 3.6646545289114676, 6.407887143442315, 1.9484637978194697, 2.0442934894638096, 9.403889772932345, 6.3276808830301, 1.323869531757623, 3.542152719260712]",0.8666666666666667
8,0.8666666666666668
"[2.7740715484570684, 1.0380771456233941, 1.7023261510736476, 1.1339856085019284, 3.549889096930662, 4.569938366107979, 1.7492167539696677, 0.5689728514685981, 4.70578926045512, 3.210856217869275, 3.585998886013723, 1.0171913842319906, 1.2302221900614367, 3.8774581150809357, 3.2081120883079186, 1.5400658594241108, 2.469356647504596]",0.8666666666666667
8,0.8666666666666668
"[2.7537579671469796, 0.9932893309548936, 0.995223347147766, 1.1942034135094013, 2.8859245598553547, 3.0249810018309544, 1.7935904584072537, 0.5215693439252604, 4.833432165786205, 2.853443740726909, 2.6902840539063315, 0.8715399223969822, 0.8505969847894799, 4.280277141742379, 3.8706123985921743, 1.8803800982500805, 2.7890941763159516]",0.8666666666666667
8,0.8666666666666668
"[2.0863268338242014, 0.3515572330012562, 3.8157787558799106, 3.4429313043780523, 2.5722329261165546, 3.2995629453799893, 1.0695258512458865, 3.5494241057445244, 0.19681255944843293, 4.2608757751830115, 2.5895735772648014, 1.818020986999479, 2.005474644799726, 0.48377155115588494, 0.6912420086130244, 1.4620446760431374, 4.143231037709841]",0.8666666666666667
8,0.8666666666666668
"[2.0226695236861296, 1.4833943037877575, 1.6387424395787482, 1.3768350807509184, 5.347682957162444, 4.272420235470887, 1.5054050251053666, 0.49634934866609004, 3.155421184778667, 2.472127445334955, 3.728267277820425, 1.1122125256454038, 1.1498301319343902, 5.709873905853158, 5.17689014689768, 1.5531952017772475, 3.1478374338642805]",0.8666666666666667
8,0.8666666666666668
"[1.8361392505648049, 0.8675624758021093, 1.1270878009623084, 1.069326234330598, 2.892650491728602, 2.609329336759891, 1.1652818759141266, 0.48082887759381066, 2.7427884999571592, 2.224119483654336, 2.2655954642875367, 0.8878136437222639, 0.9216902414248775, 3.3939720706143306, 3.5275515584189057, 1.2738953874016028, 1.6613516065309384]",0.8666666666666667
8,0.8666666666666668
"[1.8361392505648049, 0.8675624758021093, 1.1270878009623084, 1.069326234330598, 2.892650491728602, 2.609329336759891, 1.1652818759141266, 0.48082887759381066, 2.7427884999571592, 2.224119483654336, 2.2655954642875367, 0.8878136437222639, 0.9216902414248775, 3.3939720706143306, 3.5275515584189057, 1.2738953874016028, 1.6613516065309384]",0.8666666666666667
8,0.8666666666666668
9,0.8666666666666668
"[2.7484008934029087, 1.5617305700322441, 2.5675553157098374, 1.6462680794102476, 8.023853030920638, 4.029903787524418, 1.7758095068213264, 0.7993721167578017, 3.2650591739375368, 3.172343001035041, 3.5740659518901654, 1.4658880265492888, 1.2061660671948546, 7.900929742580212, 5.231102741130425, 1.872622486577371, 5.559366324000577]",0.8666666666666667
9,0.8666666666666668
"[2.0863268338242014, 0.3515572330012562, 3.8157787558799106, 3.4429313043780523, 2.5722329261165546, 3.2995629453799893, 1.0695258512458865, 3.5494241057445244, 0.19681255944843293, 4.2608757751830115, 2.5895735772648014, 1.818020986999479, 2.005474644799726, 0.48377155115588494, 0.6912420086130244, 1.4620446760431374, 4.143231037709841]",0.8666666666666667
9,0.8666666666666668
"[2.0863268338242014, 0.3515572330012562, 3.8157787558799106, 3.4429313043780523, 2.5722329261165546, 3.2995629453799893, 1.0695258512458865, 3.5494241057445244, 0.19681255944843293, 4.2608757751830115, 2.5895735772648014, 1.818020986999479, 2.005474644799726, 0.48377155115588494, 0.6912420086130244, 1.4620446760431374, 4.143231037709841]",0.8666666666666667
9,0.8666666666666668
"[2.0226695236861296, 1.4833943037877575, 1.6387424395787482, 1.3768350807509184, 5.347682957162444, 4.272420235470887, 1.5054050251053666, 0.49634934866609004, 3.155421184778667, 2.472127445334955, 3.728267277820425, 1.1122125256454038, 1.1498301319343902, 5.709873905853158, 5.17689014689768, 1.5531952017772475, 3.1478374338642805]",0.8666666666666667
9,0.8666666666666668
"[1.9308162718055335, 1.1243939337606705, 1.0214488426730994, 1.2908976077921797, 3.062822849764993, 2.773348780168345, 0.9851801618131462, 0.6719990107973997, 3.3098738436241266, 2.131245061530143, 1.7845465919949821, 1.3936120407499737, 1.4828271694842117, 2.9568950694499434, 3.4364693277487035, 1.1103826077592596, 1.6739372251263787]",0.8666666666666667
9,0.8666666666666668
"[1.8361392505648049, 0.8675624758021093, 1.1270878009623084, 1.069326234330598, 2.892650491728602, 2.609329336759891, 1.1652818759141266, 0.48082887759381066, 2.7427884999571592, 2.224119483654336, 2.2655954642875367, 0.8878136437222639, 0.9216902414248775, 3.3939720706143306, 3.5275515584189057, 1.2738953874016028, 1.6613516065309384]",0.8666666666666667
9,0.8666666666666668
"[1.8361392505648049, 0.8675624758021093, 1.1270878009623084, 1.069326234330598, 2.892650491728602, 2.609329336759891, 1.1652818759141266, 0.48082887759381066, 2.7427884999571592, 2.224119483654336, 2.2655954642875367, 0.8878136437222639, 0.9216902414248775, 3.3939720706143306, 3.5275515584189057, 1.2738953874016028, 1.6613516065309384]",0.8666666666666667
9,0.8666666666666668
"[1.8361392505648049, 0.8675624758021093, 1.1270878009623084, 1.069326234330598, 2.892650491728602, 2.609329336759891, 1.1652818759141266, 0.48082887759381066, 2.7427884999571592, 2.224119483654336, 2.2655954642875367, 0.8878136437222639, 0.9216902414248775, 3.3939720706143306, 3.5275515584189057, 1.2738953874016028, 1.6613516065309384]",0.8666666666666667
9,0.8666666666666668
"[1.8299955866968756, 1.0613897486289585, 1.4117867796091712, 1.8356713029070448, 3.956580522824884, 3.8370569167599706, 1.743948754336771, 0.44956338368055193, 4.734540043175974, 3.878357101574961, 2.508062877768419, 0.97331508273395, 0.7989059263851088, 4.944580121696951, 5.072520577716903, 1.6952801209688668, 2.342987260477293]",0.8666666666666667
9,0.8666666666666668
10,0.8666666666666668
"[2.4447059058021656, 0.5130919511551197, 4.76718422452411, 2.589864317202571, 2.2220799372127145, 2.536568664085466, 1.7068329972116771, 3.514320818120771, 0.17567548184062132, 4.4349751459380995, 2.5838875623977797, 2.075626267703063, 3.3218639451997776, 0.7213856987851212, 0.8831953046291303, 1.7354064190759733, 6.177027609193251]",0.8666666666666667
10,0.8666666666666668
"[2.1860107339545998, 0.8285055652735536, 1.3936849232879809, 1.480655909485595, 2.5878020232273458, 4.101048150912702, 1.498511450536343, 0.4321818605233596, 3.529849299926353, 2.6806678382680866, 3.4671032865086007, 0.7448666538314743, 1.0195828305861987, 2.798785350327067, 5.546215574199673, 1.0046446762371755, 1.1880894353072378]",0.8666666666666667
10,0.8666666666666668
"[2.1718813406321655, 1.157967163416655, 1.7753605784805055, 1.7154446667207304, 2.8449241331221957, 3.114486396700758, 1.6388670546630557, 0.46204614558163676, 4.227843171067255, 3.5830115861726064, 2.435085117330345, 1.4114658494622168, 0.787873664172323, 5.233444893354632, 4.207258128121669, 1.2326858629610076, 2.574649158324015]",0.8666666666666667
10,0.8666666666666668
"[2.0863268338242014, 0.3515572330012562, 3.8157787558799106, 3.4429313043780523, 2.5722329261165546, 3.2995629453799893, 1.0695258512458865, 3.5494241057445244, 0.19681255944843293, 4.2608757751830115, 2.5895735772648014, 1.818020986999479, 2.005474644799726, 0.48377155115588494, 0.6912420086130244, 1.4620446760431374, 4.143231037709841]",0.8666666666666667
10,0.8666666666666668
"[1.9102587865505036, 0.8118469404106332, 0.8610712758451979, 1.1641543057446107, 3.162742068960328, 2.8144987260510588, 1.6074941742765798, 0.4759474331869225, 3.4764670830516744, 2.961892924776009, 2.020398213480721, 1.6959807644177465, 1.0556755951985775, 2.7657586983461178, 3.409906987123872, 1.8015146471138594, 1.1616819999691366]",0.8666666666666667
10,0.8666666666666668
"[1.8361392505648049, 0.8675624758021093, 1.1270878009623084, 1.069326234330598, 2.892650491728602, 2.609329336759891, 1.1652818759141266, 0.48082887759381066, 2.7427884999571592, 2.224119483654336, 2.2655954642875367, 0.8878136437222639, 0.9216902414248775, 3.3939720706143306, 3.5275515584189057, 1.2738953874016028, 1.6613516065309384]",0.8666666666666667
10,0.8666666666666668
"[1.8361392505648049, 0.8675624758021093, 1.1270878009623084, 1.069326234330598, 2.892650491728602, 2.609329336759891, 1.1652818759141266, 0.48082887759381066, 2.7427884999571592, 2.224119483654336, 2.2655954642875367, 0.8878136437222639, 0.9216902414248775, 3.3939720706143306, 3.5275515584189057, 1.2738953874016028, 1.6613516065309384]",0.8666666666666667
10,0.8666666666666668
"[1.8361392505648049, 0.8675624758021093, 1.1270878009623084, 1.069326234330598, 2.892650491728602, 2.609329336759891, 1.1652818759141266, 0.48082887759381066, 2.7427884999571592, 2.224119483654336, 2.2655954642875367, 0.8878136437222639, 0.9216902414248775, 3.3939720706143306, 3.5275515584189057, 1.2738953874016028, 1.6613516065309384]",0.8666666666666667
10,0.8666666666666668
"[1.8361392505648049, 0.8675624758021093, 1.1270878009623084, 1.069326234330598, 2.892650491728602, 2.609329336759891, 1.1652818759141266, 0.48082887759381066, 2.7427884999571592, 2.224119483654336, 2.2655954642875367, 0.8878136437222639, 0.9216902414248775, 3.3939720706143306, 3.5275515584189057, 1.2738953874016028, 1.6613516065309384]",0.8666666666666667
10,0.8666666666666668
11,0.8666666666666668
"[3.1167396863880565, 1.2193905725687149, 1.4025156580635407, 1.8430355771236484, 3.745939468416216, 4.5375482958411775, 2.1105621183784256, 0.3851994373409834, 2.5201909063301797, 4.055385677509766, 4.233780058559918, 0.5164979323288319, 1.307628672860984, 2.9494812675464557, 4.361121746730971, 0.8060488580782178, 1.2555683719906894]",0.8666666666666667
11,0.8666666666666668
"[2.827263070705792, 0.8716250525813428, 1.1117096572743157, 1.6154252054453724, 1.8705310026786577, 4.105396430726031, 1.5092483010197222, 0.494297370490942, 2.9460044076253777, 3.248424716060385, 2.630363302994964, 1.1327190177637219, 1.0994765671502484, 4.005124383880437, 2.7765399302520333, 0.8470731063448631, 1.3226898438106076]",0.8666666666666667
11,0.8666666666666668
"[2.4217411839734555, 0.5806723184343309, 1.9410657006737015, 1.2734249475276562, 2.5388091466559337, 3.1550784031134196, 1.6633362001583096, 0.5226575718922902, 3.7675542851898434, 2.4568589350597634, 3.538624873262031, 1.05947296697639, 0.6584353927683809, 2.659365357586472, 8.637023777568492, 1.5590563809462457, 1.0043178111573223]",0.8666666666666667
11,0.8666666666666668
"[2.1860107339545998, 0.8285055652735536, 1.3936849232879809, 1.480655909485595, 2.5878020232273458, 4.101048150912702, 1.498511450536343, 0.4321818605233596, 3.529849299926353, 2.6806678382680866, 3.4671032865086007, 0.7448666538314743, 1.0195828305861987, 2.798785350327067, 5.546215574199673, 1.0046446762371755, 1.1880894353072378]",0.8666666666666667
11,0.8666666666666668
"[2.137289424326552, 0.9415581257854537, 1.0204734634061032, 1.0919666284963467, 2.955245523594307, 2.3898426507514587, 1.474657740978301, 0.6387605951401738, 3.8826433225492636, 2.5996867918645843, 3.1804881816879345, 0.8872619998081489, 1.0640644906022714, 2.267975719332096, 3.8376939199893316, 1.5714372431636574, 2.4515763922186196]",0.8666666666666667
11,0.8666666666666668
"[2.0863268338242014, 0.3515572330012562, 3.8157787558799106, 3.4429313043780523, 2.5722329261165546, 3.2995629453799893, 1.0695258512458865, 3.5494241057445244, 0.19681255944843293, 4.2608757751830115, 2.5895735772648014, 1.818020986999479, 2.005474644799726, 0.48377155115588494, 0.6912420086130244, 1.4620446760431374, 4.143231037709841]",0.8666666666666667
11,0.8666666666666668
"[2.0439586686846622, 1.0158225601338418, 1.4180009178732704, 1.1546003630110362, 2.9330331907590765, 3.3974507932715685, 1.865081426088699, 0.5110003298852444, 3.2829268476211535, 1.9519716745666673, 3.125947229475929, 1.364821987652934, 1.3728074627534073, 2.6089850194355484, 4.619117948368579, 1.5586151794410943, 2.1093450447995234]",0.8666666666666667
11,0.8666666666666668
"[2.00345506630457, 1.083090212111765, 1.4973575200642613, 1.3142502776842118, 2.4747852698239026, 3.2053760239111675, 0.9403531293679219, 0.7550495039480228, 4.042533558286959, 2.745503883070284, 3.5726036222691864, 1.2818355014486769, 0.7480838581604896, 2.879723918874956, 5.6391733718686705, 1.5243939273394618, 1.569262813858156]",0.8666666666666667
11,0.8666666666666668
"[1.8361392505648049, 0.8675624758021093, 1.1270878009623084, 1.069326234330598, 2.892650491728602, 2.609329336759891, 1.1652818759141266, 0.48082887759381066, 2.7427884999571592, 2.224119483654336, 2.2655954642875367, 0.8878136437222639, 0.9216902414248775, 3.3939720706143306, 3.5275515584189057, 1.2738953874016028, 1.6613516065309384]",0.8666666666666667
11,0.8666666666666668
12,0.8666666666666668
"[3.77828200618874, 0.41303756141374326, 3.058505772152283, 1.2066102022435192, 2.285614952982055, 2.5464591293369576, 2.7054742820170086, 1.0501955212986347, 4.696575772337741, 1.6392038608062978, 2.1379629833965983, 0.5773885628366755, 1.2802934745830852, 4.4969280853740035, 15.139356148494288, 1.215101838145658, 0.42759731175021115]",0.8666666666666667
12,0.8666666666666668
"[3.537381113774499, 1.3787598802754832, 1.3596808895135188, 1.720438242653851, 2.887196202868354, 5.402036214341439, 1.9235722130174013, 0.3934873743454535, 4.562847351302623, 2.3911872504542413, 2.257273089132696, 1.6853845565984298, 1.458371887736963, 2.774405018904919, 2.310189988343886, 0.9396946422521625, 1.3509666077514257]",0.8666666666666667
12,0.8666666666666668
"[3.3601302501740236, 2.56952885661993, 2.8477027605859657, 2.7909233295990603, 5.049071908405555, 4.528801977047092, 3.5411107029450575, 0.7072795669393026, 5.721618133381972, 3.5830076980627745, 9.154494373445726, 0.47371081563012085, 1.5627420125173102, 2.3573751538777272, 8.583171719551176, 0.47476096329478595, 1.128134391630318]",0.8666666666666667
12,0.8666666666666668
"[3.0327479452407666, 0.6828103043166016, 0.7460934349921805, 2.3789163327387217, 2.8450520049796775, 7.353167616070758, 1.7804457317261453, 0.3017324109786581, 4.74128295478625, 4.958796039405341, 4.309859675779901, 0.5712718493562539, 1.150960511029995, 2.277387414455558, 4.886633232692098, 0.5783182390818168, 1.4293824243775655]",0.8666666666666667
12,0.8666666666666668
"[2.9720741751924837, 1.518435243175626, 1.951147781680134, 2.4475872187094914, 4.5133391475144995, 6.538662780625842, 3.2454030442854727, 0.43535771638353266, 2.9337240281921737, 5.63944375247773, 6.6695929043236655, 0.45877077426645907, 1.9636591041769407, 3.9738007475978225, 2.778908862671916, 0.5069257181322824, 1.395865441835015]",0.8666666666666667
12,0.8666666666666668
"[2.854372692341694, 1.3741290533237478, 1.267768754190552, 1.3184895589494396, 1.9722313119457293, 3.610878682425088, 0.9089673172087261, 0.37683677983106295, 3.0148886434203828, 2.677977654754765, 2.045644379530944, 1.1663792052587323, 1.1879684005237312, 2.3155340859253273, 5.003053534514899, 1.3942110510848003, 1.3908543630815293]",0.8666666666666667
12,0.8666666666666668
"[2.827263070705792, 0.8716250525813428, 1.1117096572743157, 1.6154252054453724, 1.8705310026786577, 4.105396430726031, 1.5092483010197222, 0.494297370490942, 2.9460044076253777, 3.248424716060385, 2.630363302994964, 1.1327190177637219, 1.0994765671502484, 4.005124383880437, 2.7765399302520333, 0.8470731063448631, 1.3226898438106076]",0.8666666666666667
12,0.8666666666666668
"[2.8119256297698136, 2.7067993291030925, 2.0665798445069914, 2.0411731211427626, 3.360702652765238, 2.9447060977895867, 2.4874105374839157, 0.5106070544393249, 5.180959391824031, 3.97985092455071, 6.905133097324915, 0.31089167315312516, 1.497142594098607, 2.8316626944874566, 6.2981350550998805, 0.4131773033998175, 1.4012565519184799]",0.8666666666666667
12,0.8666666666666668
"[2.789605224170602, 0.5569161963006491, 1.1815991678608975, 2.0123744462154356, 3.3891591780706194, 5.8403637134216835, 1.1484307546777168, 0.2785644015660743, 5.398382465055963, 3.992905694361011, 4.457114554809511, 0.7883125434397635, 1.3946655713523133, 3.51035296753984, 6.771781317724562, 0.7825302491613939, 0.9459878268828636]",0.8666666666666667
12,0.8666666666666668
13,0.8666666666666668
"[3.8073293317797363, 1.4404229853421464, 1.6388941998013946, 2.673819874503762, 4.148834588098036, 3.042842790129965, 2.8751750211291265, 0.5783594704880601, 3.8838776331724, 2.668836616433115, 1.2823531522448894, 1.8411371558855016, 1.1489923190898048, 3.2727357720748316, 1.3729823470829643, 1.3096211660797432, 2.0243505279653364]",0.8666666666666667
13,0.8666666666666668
"[2.854372692341694, 1.3741290533237478, 1.267768754190552, 1.3184895589494396, 1.9722313119457293, 3.610878682425088, 0.9089673172087261, 0.37683677983106295, 3.0148886434203828, 2.677977654754765, 2.045644379530944, 1.1663792052587323, 1.1879684005237312, 2.3155340859253273, 5.003053534514899, 1.3942110510848003, 1.3908543630815293]",0.8666666666666667
13,0.8666666666666668
"[2.854372692341694, 1.3741290533237478, 1.267768754190552, 1.3184895589494396, 1.9722313119457293, 3.610878682425088, 0.9089673172087261, 0.37683677983106295, 3.0148886434203828, 2.677977654754765, 2.045644379530944, 1.1663792052587323, 1.1879684005237312, 2.3155340859253273, 5.003053534514899, 1.3942110510848003, 1.3908543630815293]",0.8666666666666667
13,0.8666666666666668
"[2.827263070705792, 0.8716250525813428, 1.1117096572743157, 1.6154252054453724, 1.8705310026786577, 4.105396430726031, 1.5092483010197222, 0.494297370490942, 2.9460044076253777, 3.248424716060385, 2.630363302994964, 1.1327190177637219, 1.0994765671502484, 4.005124383880437, 2.7765399302520333, 0.8470731063448631, 1.3226898438106076]",0.8666666666666667
13,0.8666666666666668
"[2.8119256297698136, 2.7067993291030925, 2.0665798445069914, 2.0411731211427626, 3.360702652765238, 2.9447060977895867, 2.4874105374839157, 0.5106070544393249, 5.180959391824031, 3.97985092455071, 6.905133097324915, 0.31089167315312516, 1.497142594098607, 2.8316626944874566, 6.2981350550998805, 0.4131773033998175, 1.4012565519184799]",0.8666666666666667
13,0.8666666666666668
"[2.789605224170602, 0.5569161963006491, 1.1815991678608975, 2.0123744462154356, 3.3891591780706194, 5.8403637134216835, 1.1484307546777168, 0.2785644015660743, 5.398382465055963, 3.992905694361011, 4.457114554809511, 0.7883125434397635, 1.3946655713523133, 3.51035296753984, 6.771781317724562, 0.7825302491613939, 0.9459878268828636]",0.8666666666666667
13,0.8666666666666668
"[2.660945857619125, 0.7399099308559751, 0.8116863320512544, 2.1697012336573733, 4.02667406025548, 4.578816078200009, 0.8328639218010345, 0.5022141385002695, 8.825308986606892, 5.6686829905902805, 6.043168350738455, 0.9588559484167808, 0.8775255984204262, 2.153136693259259, 3.7371480524256637, 1.1482481982519381, 0.6444192092259237]",0.8666666666666667
13,0.8666666666666668
"[2.6065121122580557, 1.2635918596372906, 3.1961658507994493, 0.9115836130413061, 1.9225051731309755, 2.886223987961864, 1.532941065881066, 0.6093467143747431, 4.120611165078475, 3.197440049807595, 2.7330059091818457, 2.053747730206169, 0.7273618302165213, 4.182431061730561, 3.4796704093399704, 1.0094557918863878, 1.4313828523089236]",0.8666666666666667
13,0.8666666666666668
"[2.6057581608075484, 1.3877014249128796, 2.1073962866333993, 1.4916346859939327, 1.9208651742109348, 4.914484363625037, 1.2614207214859179, 0.7345663609839161, 3.7275177963050234, 2.6232718870546545, 2.6504754132961272, 1.4077881554270242, 0.8531945898134212, 3.7830519118363086, 4.728767615515237, 1.4630671839783012, 1.962448165565212]",0.8666666666666667
13,0.8666666666666668
14,0.8666666666666668
"[4.022602268999336, 0.9422361406637654, 0.9761465856854268, 1.6540215900854363, 2.4264290839862883, 5.839791324610969, 1.1069855161031281, 0.6600123133739784, 3.9414827874603215, 3.604292779482779, 1.774951243466548, 0.774479678982145, 1.0904990498633014, 4.044314260346912, 2.2167221758546685, 1.0691079251615512, 1.8968401389548288]",0.8666666666666667
14,0.8666666666666668
"[3.890384996936965, 1.6456389717398616, 1.4279249838788197, 2.819396867097686, 4.101594084373925, 1.6360700424513692, 3.710020056010614, 0.35148636938550837, 3.0395001156745045, 5.646607642509993, 7.423328109018532, 0.3138094313901336, 2.3171939313073633, 3.737089646288813, 7.6024215500654595, 0.38435080664595056, 1.1080139374286146]",0.8666666666666667
14,0.8666666666666668
"[3.708290053295761, 2.1214536120145056, 1.5598270278967954, 1.8708151583846426, 2.8806762940794903, 5.079994071247494, 1.011264934952329, 0.3616834234770294, 1.949674978382055, 2.6994532296432414, 2.6801889428247727, 1.7718689991847811, 0.9436134281121067, 1.378773445805018, 3.41630862132323, 1.9413158282057978, 1.899256347706396]",0.8666666666666667
14,0.8666666666666668
"[3.383962186148998, 1.5623990812770883, 1.5478296353408232, 3.8935522346341225, 3.9674726976252233, 3.1800065719108925, 4.376805403320957, 0.5781898652709978, 5.5602911230645695, 3.1950042687837943, 1.704075777039324, 1.0699072082151402, 1.3892542982684304, 2.079733247789455, 1.6547230231358367, 1.3856645253973356, 2.7994194246034576]",0.8666666666666667
14,0.8666666666666668
"[3.3631125815028193, 1.0896865579937107, 2.389011230298217, 2.200978493475512, 1.4953028386677862, 3.7763315332043517, 1.6365689402488193, 0.6964173183608011, 2.9859497986555334, 1.4703434273405076, 1.8089181244994987, 2.0532046414923015, 0.7343171883020447, 3.1536958443513887, 5.587162729777145, 1.1946560432156244, 2.5448100689967]",0.8666666666666667
14,0.8666666666666668
"[3.2039971950766866, 0.38727653723537087, 0.8489263552285411, 1.1872228437108114, 1.9135791246948768, 4.285832398909931, 1.0154962581746738, 0.36694769797484095, 3.998610521343748, 5.235076219042558, 4.041777760383679, 1.1029507100429716, 1.9538890168641907, 4.963727620486168, 9.445466894975258, 0.7198974832523508, 0.8605846315630061]",0.8666666666666667
14,0.8666666666666668
"[2.789605224170602, 0.5569161963006491, 1.1815991678608975, 2.0123744462154356, 3.3891591780706194, 5.8403637134216835, 1.1484307546777168, 0.2785644015660743, 5.398382465055963, 3.992905694361011, 4.457114554809511, 0.7883125434397635, 1.3946655713523133, 3.51035296753984, 6.771781317724562, 0.7825302491613939, 0.9459878268828636]",0.8666666666666667
14,0.8666666666666668
"[2.660945857619125, 0.7399099308559751, 0.8116863320512544, 2.1697012336573733, 4.02667406025548, 4.578816078200009, 0.8328639218010345, 0.5022141385002695, 8.825308986606892, 5.6686829905902805, 6.043168350738455, 0.9588559484167808, 0.8775255984204262, 2.153136693259259, 3.7371480524256637, 1.1482481982519381, 0.6444192092259237]",0.8666666666666667
14,0.8666666666666668
"[2.6065121122580557, 1.2635918596372906, 3.1961658507994493, 0.9115836130413061, 1.9225051731309755, 2.886223987961864, 1.532941065881066, 0.6093467143747431, 4.120611165078475, 3.197440049807595, 2.7330059091818457, 2.053747730206169, 0.7273618302165213, 4.182431061730561, 3.4796704093399704, 1.0094557918863878, 1.4313828523089236]",0.8666666666666667
14,0.8666666666666668
15,0.8666666666666668
"[4.252475573666644, 1.6135911993675336, 0.7112957585658284, 2.80234893677559, 2.850839703988246, 5.141322454382746, 0.6297751852495564, 1.0466865566430719, 7.338986242869112, 4.67402276105084, 1.9911257221331544, 0.9198736647005865, 0.9278240529360624, 2.85482962884614, 4.760139234606006, 1.5240029100125154, 1.2564199278780852]",0.8666666666666667
15,0.8666666666666668
"[3.8135284811046533, 1.6868023139406687, 2.825359614096116, 0.4684904308496459, 2.7694492369879544, 4.007750266158984, 2.190948199200462, 0.5152756155616558, 4.202860062792436, 4.186883742722048, 2.339257380332245, 1.200430242363232, 0.7776284511738742, 2.398888244552034, 2.938187825700428, 0.6285184565632276, 0.9676790800360051]",0.8666666666666667
15,0.8666666666666668
"[3.755880359346996, 0.8143444879703652, 0.36946466576955306, 1.7658895084725312, 2.2127421657224606, 2.159495947552842, 0.3961064137537381, 0.435783602550326, 2.331191473916223, 3.7509426070327074, 1.1906775615527927, 1.2858462013385854, 0.8105691142174477, 1.486006923266329, 1.5822968078065667, 0.7482539967496757, 0.45037476592204845]",0.8666666666666667
15,0.8666666666666668
"[3.3631125815028193, 1.0896865579937107, 2.389011230298217, 2.200978493475512, 1.4953028386677862, 3.7763315332043517, 1.6365689402488193, 0.6964173183608011, 2.9859497986555334, 1.4703434273405076, 1.8089181244994987, 2.0532046414923015, 0.7343171883020447, 3.1536958443513887, 5.587162729777145, 1.1946560432156244, 2.5448100689967]",0.8666666666666667
15,0.8666666666666668
"[3.2039971950766866, 0.38727653723537087, 0.8489263552285411, 1.1872228437108114, 1.9135791246948768, 4.285832398909931, 1.0154962581746738, 0.36694769797484095, 3.998610521343748, 5.235076219042558, 4.041777760383679, 1.1029507100429716, 1.9538890168641907, 4.963727620486168, 9.445466894975258, 0.7198974832523508, 0.8605846315630061]",0.8666666666666667
15,0.8666666666666668
"[2.789605224170602, 0.5569161963006491, 1.1815991678608975, 2.0123744462154356, 3.3891591780706194, 5.8403637134216835, 1.1484307546777168, 0.2785644015660743, 5.398382465055963, 3.992905694361011, 4.457114554809511, 0.7883125434397635, 1.3946655713523133, 3.51035296753984, 6.771781317724562, 0.7825302491613939, 0.9459878268828636]",0.8666666666666667
15,0.8666666666666668
"[2.7526186610801586, 1.306705302388481, 3.6874489791491065, 0.9467488426880113, 3.6865593306189486, 1.5693127554702078, 1.9390748829100934, 0.5015529165706596, 2.283334750729896, 2.393447100323038, 1.5379835405296485, 1.9133855626533554, 0.6137316930634583, 3.6237229719849933, 3.9861714770530035, 0.848543540737221, 0.8545355943896236]",0.8666666666666667
15,0.8666666666666668
"[2.660945857619125, 0.7399099308559751, 0.8116863320512544, 2.1697012336573733, 4.02667406025548, 4.578816078200009, 0.8328639218010345, 0.5022141385002695, 8.825308986606892, 5.6686829905902805, 6.043168350738455, 0.9588559484167808, 0.8775255984204262, 2.153136693259259, 3.7371480524256637, 1.1482481982519381, 0.6444192092259237]",0.8666666666666667
15,0.8666666666666668
"[2.640768362610551, 1.3476134804754087, 1.5602689933698293, 1.8990807314095672, 1.2223441685004592, 2.322100305984928, 1.7617185647378708, 1.0062476014515687, 4.478383031634059, 1.312653675743804, 2.211448840167437, 1.4765597871428844, 0.7037746144828572, 2.1701467123689073, 3.0421814091247934, 1.1559406287936171, 1.3008664948992101]",0.8666666666666667
15,0.8666666666666668
