0,0.9241379310344827
"[1.4743916032908682, 1.9348408531190064, 1.8667461428464556, 1.5320888067880087, 1.9610129645166587, 1.0297303712581607, 1.074033633996577, 1.2027721831353528, 0.991389186307877, 0.44041097177228705, 0.4033095056000733, 1.8888485458178068, 1.5794587853510296, 0.2921212267182094, 0.9381753239660304]",0.9425287356321839
0,0.9241379310344827
"[1.846365843020351, 1.5336573952112114, 1.0258273033594465, 0.8027270412892518, 0.4410707101082081, 1.7180549702216106, 1.544691826434579, 1.9974546021764272, 0.4517350010268679, 1.2893133978147986, 0.014477666562079605, 1.3980320764804453, 1.6221727030561781, 0.6740495329857867, 0.7698400206556852]",0.9425287356321839
0,0.9241379310344827
"[0.2051789648281963, 1.3370483761355583, 1.4318441746164974, 0.07586520440770572, 1.329649289135236, 0.6422127452155177, 1.8177864209492938, 0.5950405293704937, 1.3162555188059026, 0.03447669470082482, 0.6137266893692372, 0.5537808240415234, 1.439029398302994, 0.5821978831200023, 0.8502849995544952]",0.9425287356321839
0,0.9241379310344827
"[1.7889541667835118, 1.6545182415505217, 1.6829489463650995, 0.6128982556116429, 0.3436294408447127, 1.0254248910486794, 0.37206782013564843, 1.9451199425525552, 1.8071014633983051, 0.33036864581544934, 0.3765333545695304, 0.045039459476360344, 0.03272375276317652, 0.34316452018227106, 0.11256016183496453]",0.9655172413793104
0,0.9241379310344827
"[1.0343421886625184, 1.993758635213431, 1.2891081224293792, 0.5662768146198409, 0.09735709174086904, 1.1989761929253813, 0.4464194081877306, 0.10013213277865352, 1.1077297839073728, 0.04909787084825745, 0.1270364769469967, 0.031391311731540084, 1.7149074089975984, 1.618658409084262, 0.37123625288398476]",0.9655172413793104
0,0.9241379310344827
"[1.9523013158917213, 0.7684809560861556, 0.24751545029232713, 1.1606019613364935, 1.249927448774705, 0.29366441068472904, 1.3586915115392686, 1.6922665106998596, 0.8693672719506116, 1.7094203592458181, 1.1212845441672938, 1.8541942727693073, 1.7570102421545952, 0.8003787624905652, 1.334631747589066]",0.896551724137931
0,0.9241379310344827
"[1.186977501561191, 0.8100302947158153, 0.8641825593232773, 1.8833660775984757, 1.4583859560002281, 0.3237753888068762, 1.7969217426057822, 1.766076885647075, 1.788263993244421, 1.2668978866191798, 0.6475771847002605, 0.14852841037031395, 0.6041545189811477, 1.4807427222520324, 0.7150850833506455]",0.896551724137931
0,0.9241379310344827
"[0.7752456941837471, 1.7117601108320566, 1.9079463409239246, 1.7956461295922772, 0.8389319516859164, 0.14117898572386478, 1.4464624374184656, 0.33618229327928506, 0.7624829869608369, 1.5009216723704344, 0.5889758594273364, 0.8247887956502522, 1.7742380989548197, 1.7530964348793834, 0.41829830556944003]",0.9425287356321839
0,0.9241379310344827
"[1.0900196158468431, 0.01825272498831021, 0.15859762447632564, 0.9381260285539439, 1.2260553118451996, 1.8311526556764102, 1.0604284611915806, 1.6642849222211866, 1.614678517760718, 0.09510568208770787, 1.5556605384043172, 0.33015144422131737, 0.21949913426813827, 0.1509576070735683, 1.2331514343656653]",0.8390804597701149
0,0.9241379310344827
1,0.9471264367816092
"[9.360174444529049, 12.055006089748833, 9.239817183155976, 4.367798565213135, 3.313894519233334, 8.335893715355379, 3.872261607340895, 12.071278921464572, 9.515599676614613, 4.2140580514262975, 3.866668463547828, 2.3887737074122324, 2.5979227822649014, 3.24265318929315, 3.927434476463951]",0.9655172413793104
1,0.9471264367816092
"[10.962050348198943, 9.844586270809195, 8.216944623086558, 4.738834120108251, 5.097783448112133, 5.880719005159937, 5.639111008057419, 10.480964641754444, 13.366619861105491, 5.1315126241504725, 3.995238679892168, 3.7364160868348146, 3.581356505680204, 3.89250367882127, 4.085375215581744]",0.9425287356321839
1,0.9471264367816092
"[9.667438968604198, 5.60147018006923, 4.80185779339216, 3.7462310886181047, 2.2791510111836013, 7.075676377614823, 6.999790779396866, 6.187058787386712, 1.9225729438940586, 5.945220204858764, 0.06307247137752502, 4.167816517690917, 6.938738692994496, 3.017897160495106, 4.248121006401837]",0.9425287356321839
1,0.9471264367816092
"[9.360174444529049, 12.055006089748833, 9.239817183155976, 4.367798565213135, 3.313894519233334, 8.335893715355379, 3.872261607340895, 12.071278921464572, 9.515599676614613, 4.2140580514262975, 3.866668463547828, 2.3887737074122324, 2.5979227822649014, 3.24265318929315, 3.927434476463951]",0.9425287356321839
1,0.9471264367816092
"[8.424762146187607, 11.38357853608823, 6.638472928940017, 8.899018804574034, 8.93016048725574, 4.929650564888017, 4.599234275837492, 4.185685825015403, 3.658363817342438, 2.123201522523947, 2.554153354390252, 8.289267793530161, 6.967598339017162, 1.8504259863572257, 3.7539283529963186]",0.9425287356321839
1,0.9471264367816092
"[7.751978066098391, 7.71276515419495, 7.422613384211999, 2.1242998033969123, 1.4331252943558306, 5.514515020627872, 1.7640117979828007, 6.689377417455501, 9.696833736957386, 1.490158502519969, 1.9444031328858493, 0.2011889979563653, 0.1533726197678675, 1.3684899554817456, 0.414354457621008]",0.9425287356321839
1,0.9471264367816092
"[7.751978066098391, 7.71276515419495, 7.422613384211999, 2.1242998033969123, 1.4331252943558306, 5.514515020627872, 1.7640117979828007, 6.689377417455501, 9.696833736957386, 1.490158502519969, 1.9444031328858493, 0.2011889979563653, 0.1533726197678675, 1.3684899554817456, 0.414354457621008]",0.9425287356321839
1,0.9471264367816092
"[4.326696773311249, 3.6962061948712606, 3.4768972896305166, 1.2489297024531507, 0.7134531016196455, 2.137458431845628, 0.9007807582526715, 3.653123359213629, 3.920393287001752, 0.7891459688686084, 0.9844527416187892, 0.07655115217019333, 0.06370196243755433, 0.6299563309695082, 0.24416904178259574]",0.9425287356321839
1,0.9471264367816092
"[3.9164219936957245, 4.462217524208982, 3.8863210671062, 3.445126047824483, 4.730801368358028, 2.1546695080882956, 2.040868080510777, 2.021923265721847, 2.016163158583512, 0.9423963031562064, 0.970798852381465, 4.370138723431043, 3.6209824926095138, 0.7777441379962475, 1.9514256356567725]",0.9425287356321839
1,0.9471264367816092
2,0.9471264367816092
"[9.624084097321937, 10.698051360892377, 8.293417057189531, 6.2661469700776316, 4.078187281930274, 7.422449294987963, 4.9018424566025525, 11.623362624295035, 9.044935575470603, 4.4403164596716245, 4.160606487869054, 2.8288813381352265, 2.36936917053218, 3.9478294754018455, 2.796615929904821]",0.9655172413793104
2,0.9471264367816092
"[42.19392588581616, 41.22332710346268, 32.69969959602073, 15.387031430296588, 11.87707633901445, 26.00200916413084, 14.077130056487345, 59.79362495645374, 26.147865342003005, 15.438493562257541, 13.532077522584022, 6.439331120560211, 11.481427531267444, 11.299060709827673, 11.572728219519659]",0.9425287356321839
2,0.9471264367816092
"[41.43350713055996, 37.81529872644438, 32.677584911397005, 16.193053372936426, 17.081512719296853, 17.225115365776063, 14.58450294195647, 37.427397646785415, 40.00606154385894, 23.347704480719216, 18.89295089694894, 14.225975604749541, 14.704821633223258, 11.11638682818251, 23.906463637580188]",0.9425287356321839
2,0.9471264367816092
"[40.207816943573576, 47.25162358707313, 45.94579117935861, 17.29588268194764, 15.345663324889166, 25.596653381539117, 10.829540436714527, 59.681399097552486, 35.11053042582583, 18.367053373588334, 13.431878566697947, 10.143212669427843, 8.993802672820117, 13.961441251594932, 18.317373270975622]",0.9425287356321839
2,0.9471264367816092
"[34.66812011044698, 45.09046301808741, 30.76560657368867, 15.642463998590287, 24.14200790338194, 29.810165888418727, 16.517245708571718, 40.07853483649738, 39.13294940521159, 12.718447703736707, 14.716720781224462, 18.382950506489617, 9.967335922228003, 14.008728608878034, 15.946406060869336]",0.9425287356321839
2,0.9471264367816092
"[28.410383308541732, 20.349042934251806, 25.73503514175112, 11.630637130003747, 12.30170707194301, 13.077083115937917, 7.542050454258575, 13.148046984038318, 17.033204206415206, 7.0986867911475, 7.953445339860063, 7.276265822435414, 8.46991639365814, 7.063814951053628, 9.555411316157246]",0.9425287356321839
2,0.9471264367816092
"[23.371169269945433, 21.623381178131197, 15.083158103669906, 6.907337210658925, 8.339790072398124, 11.983404879019016, 8.283748009940789, 17.90770172984181, 24.824847504455438, 12.143093990667218, 9.393162919488969, 7.696963222575056, 6.419813036802609, 6.999509368489196, 9.848427573129252]",0.9425287356321839
2,0.9471264367816092
"[20.72310399337586, 27.744746371732166, 21.491306911182704, 9.260277818945463, 6.666450882263261, 17.0696975484292, 7.404319520203798, 28.578827072439736, 19.871749811527103, 9.808315511219464, 6.358412710236955, 4.441329193425034, 5.512869644588437, 5.760128936781245, 9.417760944878461]",0.9425287356321839
2,0.9471264367816092
"[18.990090889638857, 18.62900285166428, 16.45214601457844, 8.91532085071696, 11.22443512431985, 12.29873567994309, 9.74764054464984, 23.38828120053293, 22.01792009551518, 7.33834539259832, 9.618283798712632, 8.048782429635667, 5.946285618273297, 6.276206805450238, 7.123708110960848]",0.9425287356321839
2,0.9471264367816092
3,0.9471264367816092
"[14.144664269091365, 17.83723226639892, 12.599043819614616, 4.7109461153482695, 2.547993846471546, 8.515833160007425, 2.6631355958952163, 15.1209729657903, 15.82119461082882, 3.1211251788219228, 4.6404448968534115, 0.328608378433465, 0.293024051763776, 2.622076901078532, 0.6665234899501206]",0.9655172413793104
3,0.9471264367816092
"[158.17196609882103, 95.58064399652861, 96.50172674098883, 62.96783637469608, 40.759360798202934, 44.58515646669669, 38.125772491731695, 156.59961421069391, 68.62134649478733, 65.42971509857213, 41.158852253284635, 18.73323651782446, 39.16900302765413, 51.001051357105965, 41.38526499682923]",0.9425287356321839
3,0.9471264367816092
"[111.17170100595132, 103.04190491893756, 160.93549408922973, 50.59325859246208, 75.27031308143437, 64.19069798556279, 34.763053307517545, 194.5725943832198, 139.20809139445817, 50.66828641130542, 46.7820016819103, 29.749029619783023, 29.025713995655664, 50.043697093435625, 53.935525505372716]",0.9425287356321839
3,0.9471264367816092
"[89.38846073412503, 65.0013031471632, 62.83592177883288, 31.02054622812466, 18.796983159960767, 35.03960714427944, 28.318327313143186, 97.82659786818978, 44.222190124175846, 34.61093872024978, 22.9230132528022, 12.634930095284968, 24.811299946486628, 22.784859445167296, 21.11951020408434]",0.9425287356321839
3,0.9471264367816092
"[88.8819234886657, 120.06514661927106, 87.99280675889513, 33.36536751476579, 54.482457657668824, 67.85734003325297, 37.23108457095201, 102.32430729021979, 178.2527553254294, 24.89786615806575, 59.98957745064047, 65.54755027520888, 28.34208124315341, 45.31453688283551, 43.08965816877187]",0.9425287356321839
3,0.9471264367816092
"[75.58662838120203, 76.01065048729967, 74.5397118322074, 27.10987043089694, 34.327900175502975, 40.70323294072617, 20.57260775494283, 97.54634828972281, 74.92575465215369, 26.129043296101045, 22.82812427720386, 14.945287893092143, 14.231380310521795, 23.61297082357468, 24.759621860185646]",0.9425287356321839
3,0.9471264367816092
"[70.75209944439285, 124.41204660189696, 89.72947755096254, 33.33025826419663, 33.82289253103433, 67.8351179439245, 56.12715498749537, 96.23857916869127, 134.367332620034, 56.20907998119718, 49.90182753879808, 51.59311782327414, 54.69484844397242, 35.60189523250592, 66.11944091846722]",0.9425287356321839
3,0.9471264367816092
"[60.753256260799446, 85.66432307927286, 48.97485301458731, 24.36292046656927, 30.74485939050956, 52.95981157869151, 21.099795803028904, 58.48222902785086, 81.41356704111229, 17.917609022682466, 31.02812741974512, 29.681562784993844, 17.117385846675937, 20.95933320407147, 21.11375445430476]",0.9425287356321839
3,0.9471264367816092
"[55.78121028305811, 79.70368535855245, 69.6089939157265, 23.844131797016402, 26.01418473769565, 31.788233598579836, 27.752853674871975, 67.8410691381675, 61.1430541852147, 37.066356654323556, 25.383340373294907, 30.59480260233927, 28.21672497526165, 19.12364938876249, 47.49350585547168]",0.9425287356321839
3,0.9471264367816092
4,0.9471264367816092
"[48.037103120584135, 29.559331493733996, 38.95947461250833, 25.648092240144834, 22.08095737345077, 17.712278203972627, 11.275247264526598, 28.20252929157224, 35.32882332106316, 8.942769142523849, 12.45116009544814, 11.483330469357188, 18.443421453326426, 11.626042364571145, 15.942620258675166]",0.9655172413793104
4,0.9471264367816092
"[401.8611600716522, 165.440661134916, 259.2540145659905, 210.58252646336626, 127.8535209508762, 104.18613929545165, 81.49963834820231, 338.9525005584032, 170.20080544087878, 174.72904378803105, 112.18998436277838, 38.76453040470345, 125.73902333712982, 133.82319249897728, 156.48415571761655]",0.9425287356321839
4,0.9471264367816092
"[314.90890991664145, 127.10530932546536, 193.3917067468345, 73.58920905227434, 54.057267247082905, 68.76654720537518, 80.98116744901567, 194.78006649045636, 132.0787273810235, 103.44765594991368, 58.67497315359259, 29.352829027452366, 75.50574815712933, 82.72252986098412, 31.37909038526281]",0.9425287356321839
4,0.9471264367816092
"[304.29907668304907, 301.93045945046, 321.55256462814475, 71.35055595933952, 159.70890072301043, 162.22204609642836, 107.133495360569, 200.32987457413105, 264.79951917856755, 70.83255391281821, 204.44878008180189, 123.30894433684489, 102.72945739883613, 158.94338323345784, 169.1742558344472]",0.9425287356321839
4,0.9471264367816092
"[238.25688500620305, 113.59513054929141, 194.5036096398618, 119.64765197899382, 78.89044722718168, 90.05761746159504, 65.24200366049665, 248.78422862068015, 82.00572136696363, 115.47073894222711, 68.92558749832175, 32.45329980586789, 59.73427741882291, 83.36410548124155, 85.03000817358762]",0.9425287356321839
4,0.9471264367816092
"[212.8105604829986, 367.0279390104803, 406.1366089212876, 177.55814712446798, 226.15032174371464, 146.92319846143286, 91.83134865965238, 384.89550015677594, 269.9682053846329, 186.0009066255256, 103.23824109707228, 100.3650444209609, 78.8865306844107, 144.1018705363027, 77.93852762050429]",0.9425287356321839
4,0.9471264367816092
"[177.08353867679972, 181.0540009635024, 269.6587893578246, 95.05146694382847, 110.17633806251997, 81.11768377156903, 67.48421903253471, 334.1038211645692, 192.72288616642024, 93.32595788321376, 76.26288088136845, 55.418912635319614, 57.56253271482465, 87.10525798305092, 64.90309737708446]",0.9425287356321839
4,0.9471264367816092
"[166.1127027766517, 83.49559446251759, 120.31180123916013, 48.89286927873205, 26.685263228877673, 56.12198788419083, 44.74946424961669, 165.32456980009846, 69.05778015059275, 72.05539193562862, 43.81558134484951, 14.431952356422933, 39.62742628156478, 40.262295767596804, 25.94104079475109]",0.9425287356321839
4,0.9471264367816092
"[151.33049449116226, 181.73179039297753, 168.3199682326403, 58.56149184747527, 79.05049587998556, 132.38422781071117, 62.62028492011964, 177.133411829614, 238.00706617421517, 41.51150940144882, 124.51197425728014, 102.79531626172016, 58.734158069873175, 87.48261275651053, 84.65421847348864]",0.9425287356321839
4,0.9471264367816092
5,0.9471264367816092
"[128.9245401529205, 216.5195048642308, 188.1263201240157, 56.22939593040584, 48.204291491850654, 131.57408046372535, 110.4012833951161, 178.59371991532353, 243.13030950594327, 112.31173892370225, 63.59567761428422, 90.35022758300167, 112.62223446467199, 55.87360706234905, 85.3724601328683]",0.9655172413793104
5,0.9471264367816092
"[711.0808810590379, 683.5444991598316, 623.2343760513685, 116.2714678411342, 180.21780003870217, 301.87050534135676, 229.66151297037254, 265.2856801274828, 828.7954853543195, 265.3448967752359, 427.19559359469923, 304.79749393114207, 358.4476294904358, 243.20546428163982, 385.031112043187]",0.9425287356321839
5,0.9471264367816092
"[653.5503886873892, 199.41744680957055, 397.5977333358028, 186.2161106025381, 109.3333306652899, 195.1902593167934, 157.97388091298342, 954.0475939907603, 270.16565054133275, 222.17163497500303, 152.06149017565156, 66.49054403598635, 136.41872156525005, 174.10559856531745, 183.48244980947868]",0.9425287356321839
5,0.9471264367816092
"[649.8745190415095, 253.4921811190219, 399.3247036071249, 151.901738150899, 124.90528772324845, 127.78982024209945, 223.84761358443527, 443.83324206070336, 253.43362261624753, 248.85810483455816, 132.2798790671873, 30.080936337287763, 249.88537776760262, 237.01466871068519, 50.47232695775474]",0.9425287356321839
5,0.9471264367816092
"[507.1547714890861, 507.0590471841287, 953.2436410599532, 639.32436766201, 279.1989130270973, 260.77005845962844, 232.36352637147988, 1030.7541284823171, 340.5253201223241, 526.5990564690236, 170.11226502524488, 74.66621764502293, 360.2197428446551, 305.05120575507374, 221.5780066935558]",0.9425287356321839
5,0.9471264367816092
"[498.97120202872657, 541.928582122842, 352.09510625083624, 74.33118794595946, 171.86993253513748, 210.154356541226, 132.35791377484335, 257.95072350909743, 521.9741177299734, 136.9556120941397, 333.36936605660026, 154.51525779675012, 196.33531781976166, 170.22749255883795, 304.713908251543]",0.9425287356321839
5,0.9471264367816092
"[490.753628659318, 319.09130772277604, 515.5049531628094, 390.86714815419936, 219.95960768525697, 138.63116060421942, 149.445010399504, 547.8881893721363, 333.3789896796508, 336.42963319220064, 157.39030244472428, 42.64806945009212, 243.30364450182668, 156.00694762103885, 157.86328150699038]",0.9425287356321839
5,0.9471264367816092
"[428.08627809917, 140.61582465946893, 214.09806166874634, 167.77488890407818, 88.1053134500407, 99.85961364200071, 119.5526172937428, 496.7471882159648, 152.8875922594733, 136.71078587477595, 107.95737485372135, 60.31728298306804, 83.32371772000438, 105.48758998615213, 147.31688799194583]",0.9425287356321839
5,0.9471264367816092
"[346.1779083278216, 207.0967615946745, 309.43667204753956, 85.33024035534271, 103.938296369433, 115.0768767898478, 138.11290532203827, 233.69741974919668, 217.1269984555641, 150.4890525635564, 86.28532154593825, 29.965855925859024, 130.90024034042648, 140.20293398909755, 45.65518635968905]",0.9425287356321839
5,0.9471264367816092
6,0.9471264367816092
"[299.3151664080334, 449.1385871865344, 519.9280896656868, 296.4827095640502, 357.1313795509435, 243.43126180267467, 162.58820895064835, 542.607577414038, 442.17055768372353, 335.922624888212, 114.19436697348948, 134.775982718624, 98.16458986651597, 267.3209260506985, 135.06637804738452]",0.9655172413793104
6,0.9471264367816092
"[1891.5183085043927, 215.95339668988194, 548.5257708504384, 239.2672492230649, 195.24682748874423, 434.23546427159386, 182.67516240479216, 1583.961363999043, 520.2082140956645, 413.4124637516453, 414.75384562418424, 98.51248736550659, 328.10047756082815, 473.9565539425987, 227.02407525808857]",0.9425287356321839
6,0.9471264367816092
"[1213.5160001599775, 387.1892435095788, 722.8241459364876, 173.8973053081406, 400.8692093962942, 283.5950925425628, 436.3350619844798, 1046.77647246119, 531.1992936379017, 429.5048086441098, 234.47121873651443, 88.32800113250585, 439.1468523605028, 409.0552868031716, 62.80830533752983]",0.9425287356321839
6,0.9471264367816092
"[1171.3967603130716, 193.37776735779047, 439.8644623797558, 257.02635562461023, 177.2579005228475, 230.1594953850061, 147.51517288687324, 1380.6574006660735, 343.5878685720988, 377.37174123075226, 247.76101536638248, 89.83767124354044, 219.9456812503333, 314.63592202918403, 244.67664711427085]",0.9425287356321839
6,0.9471264367816092
"[1021.3589777685611, 2004.48226668559, 2160.151653013636, 298.9986437956703, 388.2735980456376, 613.9467929470329, 535.7232526428336, 903.4534908650675, 1547.781850498773, 385.78280407827856, 992.2966612368739, 863.1692156692709, 925.433490037542, 451.3264070010358, 811.4280278072098]",0.9425287356321839
6,0.9471264367816092
"[1013.4606794231893, 239.00407540664483, 567.7336264162766, 184.9617424387275, 220.63489633189965, 180.826316987896, 243.69032949323548, 733.6940592937908, 329.8368210577274, 451.23400509629056, 131.40697053027495, 56.33974137509939, 296.8299851183416, 265.0084944524928, 46.17278404957018]",0.9425287356321839
6,0.9471264367816092
"[904.9672629004675, 1615.1066750597936, 2184.1921676778497, 1080.1417975910672, 481.1243111116911, 903.4923127924673, 440.6522208249225, 1728.4619051588897, 534.2253878647891, 1190.3734086112827, 189.43235121287472, 90.15791692971304, 920.6486859782718, 690.0330866647032, 585.8563956584858]",0.9425287356321839
6,0.9471264367816092
"[772.5501388717174, 1125.6961301623428, 1181.2448096388903, 190.94142258699088, 334.2665116058173, 404.986302664313, 419.17244960302, 482.4705985727749, 1014.1937011204727, 305.0765244688655, 676.7532759982257, 457.2120257740403, 587.9587127131838, 326.24742906038375, 514.7226863285405]",0.9425287356321839
6,0.9471264367816092
"[757.0649414637742, 941.32993315313, 1596.708999908361, 906.8760839554475, 268.55920511630694, 478.94763704923656, 331.92315255622816, 1487.8706585990635, 470.97899463801724, 793.430253105947, 162.29398579167312, 73.26988823263954, 610.404861236625, 458.84616306582393, 353.51766371850607]",0.9425287356321839
6,0.9471264367816092
7,0.9471264367816092
"[520.4217539274326, 444.4927033733943, 576.0809540120728, 657.4098732416783, 262.9142640605991, 232.4706827493381, 272.8881098556525, 1015.6891646870424, 635.7719772263054, 348.85669101876385, 159.47973074632094, 48.69073467108585, 384.74160468998826, 220.20070720122402, 279.62275946198747]",0.9655172413793104
7,0.9471264367816092
"[2580.681038851993, 1081.8244769213543, 1040.9689062543957, 379.1284550131852, 741.4126275723931, 254.37678513250216, 564.0620955540547, 1903.2663808120074, 890.9957960296811, 505.49573699722396, 414.3392146581617, 169.1906121811835, 603.0803471625286, 622.8058069498534, 108.30494814398693]",0.9425287356321839
7,0.9471264367816092
"[2553.588684487336, 4743.218972425191, 4523.780789584369, 694.7510308154849, 730.7714360420275, 811.7722819077364, 1464.713100936392, 1474.0123532684534, 2111.741841261403, 929.2455129195644, 847.5648610914707, 1595.435991719815, 1064.443617592351, 1318.4732080694403, 1474.882539251158]",0.9425287356321839
7,0.9471264367816092
"[2333.760417228222, 200.238474465462, 632.9971018023955, 448.5930767598103, 458.31629496691403, 335.3619593688469, 171.66981212124242, 1746.7672531453215, 546.7904221852208, 1084.4760986573967, 553.9003573362805, 111.068203929227, 196.88056116105932, 636.2547332606988, 221.95247529471249]",0.9425287356321839
7,0.9471264367816092
"[2041.1697941913203, 173.58837952631168, 531.2500963848508, 365.63638865285935, 312.57336016602653, 226.3240784105297, 138.31525521860416, 1468.5306414828624, 301.53748061419884, 641.5517956154373, 355.5793328090389, 90.65510036408664, 218.68324949059377, 566.1857630737613, 226.75590319225415]",0.9425287356321839
7,0.9471264367816092
"[1795.3117605924956, 654.6972235566379, 733.5151952594515, 234.5997583305485, 543.1345708475509, 252.78692747110048, 629.2666470045763, 1173.2842966679696, 518.1553616287732, 367.9406730096739, 357.1665094015989, 114.326778261835, 610.3190043346499, 369.20231147155386, 93.9513719068282]",0.9425287356321839
7,0.9471264367816092
"[1600.2518653404668, 297.29631550654454, 824.4612032534687, 386.32390156653094, 304.4816399713624, 555.148981042347, 185.40626021146727, 2007.9128963024675, 498.357454726442, 693.5986301203285, 459.2174750925367, 142.93112142022557, 356.4108037047181, 836.8138615202688, 328.6611210385095]",0.9425287356321839
7,0.9471264367816092
"[1583.362359475283, 316.0570800825887, 847.8352701167497, 175.5300407388297, 341.46768147120713, 172.91106789094493, 259.4588436149376, 630.7594810591665, 568.5190840722416, 483.97550801759667, 173.0147009831488, 66.29214910712437, 260.768938734918, 322.04873934513313, 48.25089984398174]",0.9425287356321839
7,0.9471264367816092
"[1507.6421097629893, 3500.5440821806087, 2617.9151695909586, 397.80295018374414, 595.7822909060651, 843.7124771406202, 816.5133248085197, 977.2436226477498, 1421.2517494954795, 636.9835325728454, 900.0494743984873, 1042.443447209089, 1050.2193445653766, 826.5576732684744, 1169.191028127455]",0.9425287356321839
7,0.9471264367816092
8,0.9471264367816092
"[1264.102074390083, 2759.6644025469677, 3462.3655406387184, 1888.9537005218663, 688.9186525381317, 1253.7152188025566, 560.9533452664411, 1823.3666008221164, 938.263721097783, 2084.1664674062595, 341.16002075495294, 138.2162027787593, 1195.1515191078995, 731.2973423755234, 831.1723418541035]",0.9655172413793104
8,0.9471264367816092
"[6191.333717180993, 1257.3004045573718, 880.1343029414827, 627.4308052913192, 1056.482468706795, 736.212128655295, 761.5109049758855, 3145.5452039156467, 1042.1885462351815, 709.0541234126363, 495.3697331852163, 176.44816355160074, 1530.4919296989851, 622.9595638027255, 281.71779737280724]",0.9425287356321839
8,0.9471264367816092
"[5865.895526239741, 479.7498928055952, 596.487463852503, 922.3703786157062, 379.5451301315448, 465.2989291180985, 148.0748946502888, 2087.569577562408, 906.9686145530811, 1337.439831551907, 894.7120280358115, 237.7304490028189, 189.13827311201726, 1279.6566976752697, 381.0225059182046]",0.9425287356321839
8,0.9471264367816092
"[4392.439610530828, 1076.7977642560693, 956.6874131184547, 539.6428556644398, 826.0182429873347, 443.8129014029271, 587.511144487502, 2163.425936050698, 1166.5176053329053, 835.9226345370157, 514.1188370574511, 174.2953135614824, 906.1966476847347, 735.2646167447961, 161.8320841813486]",0.9425287356321839
8,0.9471264367816092
"[3653.7539455906467, 6296.229409067465, 12875.83068050991, 1122.5779650171824, 576.747960605327, 994.9818874241245, 2747.365599889489, 1174.0931571952538, 5300.763361780036, 1941.5574583522912, 1400.1375649230854, 2533.2109035404756, 952.8176157718808, 2033.6479439132872, 3071.324614260685]",0.9425287356321839
8,0.9471264367816092
"[3584.5026105886636, 285.1701903814593, 582.6175281630942, 687.1087824554982, 352.7908190779774, 290.856883552243, 145.91474136362956, 1345.3495840885523, 932.8678418633431, 886.7995802429282, 845.2145523801356, 145.38652666180892, 181.54343333037352, 819.9989632327799, 340.75456657314]",0.9425287356321839
8,0.9471264367816092
"[3298.1114563240794, 145.73760576701514, 789.6993950566921, 536.9908491551686, 389.0930063065788, 322.12532314839456, 169.98382069533133, 1789.6899966430158, 239.7734427945665, 811.8119075804616, 316.6007341613434, 86.71496586879448, 376.80901607243163, 908.920404626611, 224.93969123846637]",0.9425287356321839
8,0.9471264367816092
"[2910.496612746861, 152.15150214112305, 1246.9064486711036, 749.9914275331171, 459.3876210255915, 351.9402970530916, 257.92605316597644, 1950.5475711921206, 322.3152952321611, 977.2847430216118, 441.26392204183924, 76.96200053431224, 512.6592812047211, 1545.9043789997809, 310.2170863089533]",0.9425287356321839
8,0.9471264367816092
"[2644.6435373041513, 396.91489831189284, 666.2985775553897, 500.9079032405165, 533.1521602793638, 820.3468044908831, 200.21141353505186, 2558.8740217561385, 752.8168673772923, 704.0752716359756, 672.2672845608116, 250.33582519797292, 326.66470648648965, 944.0445842754353, 451.5809472831031]",0.9425287356321839
8,0.9471264367816092
9,0.9471264367816092
"[1787.2335135211263, 934.2606967415364, 1091.5424584395212, 289.8696709126111, 464.1519642815635, 287.82683562993253, 750.2188082108793, 2044.1266508056788, 661.852719065163, 470.79475947589333, 526.0537827889473, 193.87986762970593, 497.356807568316, 395.3441217280134, 139.9978534539976]",0.9655172413793104
9,0.9471264367816092
"[13407.315824533613, 1241.3644625838933, 970.5529034589727, 1552.4745312402642, 1420.233457184694, 1402.462462531568, 695.328577672286, 2464.920250225489, 1149.9306401963433, 928.3133042571412, 849.9027950433843, 276.80962731660793, 1806.0273974839542, 1273.1250072722778, 286.7295722696012]",0.9425287356321839
9,0.9471264367816092
"[10506.968597300733, 904.9343950089502, 1109.7509972117955, 908.8234890627295, 909.7730742403844, 1203.5070009109152, 803.9683456411635, 2918.398241853066, 1561.2516608421515, 759.7744443881409, 808.281859119076, 189.80789429511503, 1101.9547565272762, 1017.9494298065699, 317.589432780361]",0.9425287356321839
9,0.9471264367816092
"[6002.752200149329, 1194.4629453091839, 1097.9451743857853, 829.9824169481933, 879.5763029689742, 653.292636041173, 840.485193627057, 2616.0039002974654, 1293.3313629360462, 741.6537431092933, 457.1988149598575, 223.8886579158324, 1338.9732451016976, 1045.348061414324, 236.91140970758363]",0.9425287356321839
9,0.9471264367816092
"[5876.972357937222, 784.9712987093526, 887.7950784963128, 860.7062504158478, 554.3937717967781, 452.23391139003667, 221.42968418925855, 2576.422840116798, 1285.979290994714, 1708.0474656561441, 1148.8659282438016, 200.25657967822195, 225.8152586719629, 2189.550221405231, 456.87166889636813]",0.9425287356321839
9,0.9471264367816092
"[5159.7598519458, 4855.591906299016, 21872.93305111526, 1041.3147631027618, 810.336430358783, 1453.1496078296104, 3481.278527804736, 1052.683691352926, 7794.305283090259, 2349.892737081277, 1441.1912295453897, 2069.684221156433, 686.0386294220083, 1661.7646409980987, 3615.8191182758474]",0.9425287356321839
9,0.9471264367816092
"[5145.217787795398, 3665.95268452313, 22330.87886692355, 1581.4136420884593, 653.706328563426, 1654.539101124606, 4176.662368681563, 1113.017650303476, 9661.321674863415, 1682.3781023917281, 1357.9508850489694, 2479.6100886477207, 752.2998446298399, 2787.545473379948, 3267.5130493063944]",0.9425287356321839
9,0.9471264367816092
"[4893.416694331689, 569.3116603272384, 1062.9683286614668, 1282.9362776415585, 843.6518300849029, 568.8752375915918, 235.84175841345453, 2653.9271107544537, 2164.8859605473363, 2661.69067369007, 1347.5629879788455, 187.17015106621815, 198.9337862663042, 2424.4192381988646, 627.3228126784591]",0.9425287356321839
9,0.9471264367816092
"[4890.823966215878, 1349.384666085777, 915.6795137369431, 1146.636575201304, 1499.2055396914122, 1109.7714170380134, 1408.26710595479, 2044.4861311507811, 1770.0445281457019, 668.1878756053446, 547.4870730870113, 294.85926908534066, 1035.918645246495, 1765.724368422791, 280.26066442742916]",0.9425287356321839
9,0.9471264367816092
10,0.9471264367816092
"[3768.6340253596036, 130.21803698356632, 660.4528513466126, 452.7382723258813, 291.3854155347216, 529.774329018664, 156.1274349014597, 1639.670130222812, 173.87028273882146, 711.0149519419411, 391.6841629391901, 125.8216642197617, 466.6095928941912, 689.7563808830749, 307.32991756374673]",0.9655172413793104
10,0.9471264367816092
"[21465.749782634266, 1556.103676227031, 1515.4917969096484, 1277.8789480858275, 738.8056947499678, 1837.738644249825, 489.4764793429348, 5138.174827711813, 2753.9457073491667, 1393.1495367121256, 1488.4025409156272, 91.27749513951206, 1021.9136006974982, 1049.2085043384152, 562.6179294587557]",0.9425287356321839
10,0.9471264367816092
"[19453.29348566134, 1764.9686887265902, 739.8035528392477, 3574.473923106434, 1401.2854749857047, 2325.354572841208, 813.04933767071, 4631.696559182232, 2584.178103652254, 921.2858273032114, 1075.0766339517368, 234.8378822530847, 1442.6297305228634, 2575.0828912952015, 543.9568546061441]",0.9425287356321839
10,0.9471264367816092
"[17819.793742878, 1805.4926679883772, 964.4133436036682, 2306.4037312945884, 1450.9779126710764, 1961.564267811361, 505.6315030807013, 2963.3603197852235, 1775.9788405182958, 996.1838609333994, 1361.4330391846897, 344.503526010004, 1671.0381530302561, 1989.9663906460398, 368.69586690839753]",0.9425287356321839
10,0.9471264367816092
"[15435.307220729374, 1377.6480089210872, 1747.3607352197178, 1473.6791165026384, 610.8177044681154, 1116.5235692922574, 537.1757944137926, 3274.932715287223, 2356.4396887057665, 854.1240479153674, 1042.899956727747, 129.30411132262518, 1115.6856833929808, 1055.5584325698276, 338.85372758312747]",0.9425287356321839
10,0.9471264367816092
"[9133.868904035346, 1670.8200238778522, 1508.10568695869, 951.5868377818209, 1256.820433389912, 426.62000315091876, 335.3749880360258, 4383.583383869348, 1768.3690517525788, 2448.7238721985746, 1475.315457707853, 188.22387857148112, 226.52229815797082, 3014.479511701198, 810.544134571717]",0.9425287356321839
10,0.9471264367816092
"[8479.794398151982, 6048.182997228072, 36324.102868524984, 2084.780532438008, 1027.3428864777095, 2637.9584569295234, 6829.485930438573, 1607.5644886397117, 8964.215688599397, 1330.2431275269346, 1139.2368407350914, 2320.2601126019863, 1010.7954619128172, 1877.7536172206119, 3472.9517903146657]",0.9425287356321839
10,0.9471264367816092
"[7920.96796721467, 7080.309566550037, 21923.736562520648, 1032.3563807467872, 1319.3994356204862, 1531.5374516995344, 5324.530870233111, 1030.651047089133, 11623.851290938013, 1721.1390586752664, 1972.4265006849623, 2394.9130436906075, 953.6970781148914, 2390.62007015808, 2831.81583014431]",0.9425287356321839
10,0.9471264367816092
"[6915.4017175411445, 1151.2903998468728, 1132.8308101333823, 601.1709798338645, 826.5047527438796, 352.51829843152336, 241.72808163632342, 3865.1694173434853, 1239.9168883309867, 2668.7003819520387, 1496.0309382703617, 142.60693307438862, 160.928532383841, 2820.817979687469, 631.915224382527]",0.9425287356321839
10,0.9471264367816092
11,0.9471264367816092
"[7920.96796721467, 7080.309566550037, 21923.736562520648, 1032.3563807467872, 1319.3994356204862, 1531.5374516995344, 5324.530870233111, 1030.651047089133, 11623.851290938013, 1721.1390586752664, 1972.4265006849623, 2394.9130436906075, 953.6970781148914, 2390.62007015808, 2831.81583014431]",0.9655172413793104
11,0.9471264367816092
"[45088.44004869305, 1092.020309236621, 1238.203459865852, 2541.3109508433054, 2674.7780466232543, 4644.911189089389, 616.1806153709018, 7445.782102647927, 2548.939170494371, 1184.309071172123, 2060.3534624586546, 467.04905629628513, 979.8284624493581, 4547.967826742582, 460.2247242606607]",0.9425287356321839
11,0.9471264367816092
"[38060.302981757915, 1822.0439684139096, 1340.534368990641, 2374.5290135761215, 1950.5167989683919, 3442.4916606203233, 742.0165036183575, 3362.4874930817678, 1849.1359527974018, 1212.307261671961, 1548.8274260355106, 730.3226718097003, 2081.0084570449717, 2277.832578612732, 318.4918489836441]",0.9425287356321839
11,0.9471264367816092
"[31526.542443279148, 1408.710320678681, 881.9821164917629, 3747.766453294723, 1742.2475696481276, 3591.9973452068452, 845.499984966299, 4777.693069015344, 2027.733721655105, 1089.2457416451834, 1704.4679186548415, 367.4475563593596, 927.5388995269586, 2839.595354907239, 485.6019299352289]",0.9425287356321839
11,0.9471264367816092
"[28921.70777428159, 2521.6529748373705, 1056.2318089398448, 1583.520966709423, 2026.4986301068798, 2697.9777866924446, 583.4736873809165, 2692.992192218364, 2154.989411773628, 1219.361385097127, 965.9472840497357, 500.66722325015246, 1450.9211944708295, 2230.952464536191, 252.54009999341048]",0.9425287356321839
11,0.9471264367816092
"[25284.933394911506, 2331.359850424415, 1776.0565949989025, 1581.9417262703046, 777.7772503035967, 1863.5329108273597, 487.9435846612144, 3330.510477676027, 2623.461596341769, 849.665499586456, 1750.2816628044825, 138.46458061392838, 1946.4547699095888, 1088.5448543073026, 407.08769216010353]",0.9425287356321839
11,0.9471264367816092
"[20309.024295237985, 1439.7444167730055, 1166.7793044634707, 1503.80561622279, 651.0631434645406, 1346.9743550708015, 404.87583288095317, 2915.8759494829696, 1672.1477196438539, 694.4706621925739, 1515.242702056283, 118.97606728352334, 1432.026095090619, 1049.2132203501192, 496.5385025039858]",0.9425287356321839
11,0.9471264367816092
"[13472.195028195869, 1804.6811384569476, 1321.9724191396372, 1260.999821099022, 527.8215515624947, 2688.584387256664, 747.514684208078, 4806.754502137755, 3403.3984043516502, 1793.5748295649094, 2319.1765379394374, 87.61738739622895, 1142.216431147188, 1544.7429943257107, 611.5671148938101]",0.9425287356321839
11,0.9471264367816092
"[12839.37990469874, 1282.94644707659, 2012.9682302625351, 2041.3004867242603, 564.6003990651379, 1937.1103270721496, 531.3684866290172, 3395.7634530053488, 3427.336441320484, 1627.0975147257147, 2230.382672099794, 99.69686696622702, 1433.4528576913654, 2455.280559564879, 577.3150563505485]",0.9425287356321839
11,0.9471264367816092
12,0.9471264367816092
"[7044.2427009774365, 8231.73570206498, 45188.969044425045, 3076.1297238939724, 722.2964706735838, 1870.1886762546258, 6599.252756518454, 2105.101716962192, 5843.4362451366305, 1080.7502083988495, 1368.7893789489717, 3606.3376868582664, 1485.778416496994, 2800.6506846500033, 4343.51691437523]",0.9655172413793104
12,0.9471264367816092
"[47971.959950917415, 4791.536401287291, 1151.524431101637, 1749.5115350650717, 2279.4182279804636, 4492.697766619011, 427.80712348087786, 5403.59703404766, 1779.2680092817914, 1231.6836449842417, 596.0084704352516, 631.5998895968102, 1800.3617185774756, 1813.11872758008, 227.71956899418228]",0.9425287356321839
12,0.9471264367816092
"[47031.82560951913, 1662.22219266635, 600.5041539332515, 3489.3131065681864, 2296.6947639379605, 3479.606216027976, 935.4066550112316, 3936.2437864827193, 2040.7980820371633, 1525.1474201461888, 1919.5255122053522, 392.29716453801586, 1054.2642248580223, 2570.498410909617, 694.0750341680657]",0.9425287356321839
12,0.9471264367816092
"[44751.36026132458, 3441.49369661489, 799.9573542208192, 1629.3061096825759, 2136.695706498909, 3041.3790194054855, 529.8770779638917, 3949.8524588530177, 1964.8315599882171, 1272.6503545482801, 985.6943889542803, 435.1789963283362, 1147.3735092690195, 1316.8778035799503, 152.28931756640614]",0.9425287356321839
12,0.9471264367816092
"[40699.183226478104, 1548.686003192163, 854.038201683467, 2162.683986370193, 2336.436010593914, 5164.477759675363, 999.8695808126022, 5752.524976381774, 3124.9939931506633, 991.5928177516604, 2456.6227559890294, 408.0460701032389, 1634.8363592601713, 1755.8826804604041, 621.4274398069101]",0.9425287356321839
12,0.9471264367816092
"[38937.20782796909, 1988.3198072322411, 1653.7583112041161, 1704.8024966004937, 3322.9967576928134, 5717.9018368520665, 1561.711721466693, 2543.8523352456664, 2094.303580777977, 1426.0040802015728, 1925.3321921032118, 457.4974069723452, 4079.7917491795306, 2357.756201879087, 485.59995101754305]",0.9425287356321839
12,0.9471264367816092
"[35750.765443824705, 990.2522471892717, 853.5077329787684, 3765.019471960837, 1697.1807492672701, 6600.110977927047, 419.2982303563361, 9924.429536060423, 3679.7446296287135, 1636.592016887037, 1881.9151095072075, 308.765407456606, 1326.6162531062723, 6747.112790731775, 701.9328914738774]",0.9425287356321839
12,0.9471264367816092
"[30227.98420721454, 2360.7269388336163, 1120.4678622211502, 1793.584919420577, 2142.8799375773133, 3630.0385090675272, 1026.3439109809792, 3412.120811274304, 1453.6339510350376, 1283.428270295551, 1886.2852774526434, 627.998396558749, 2826.7422649531654, 2833.9254494071583, 329.79050188961605]",0.9425287356321839
12,0.9471264367816092
"[28390.7825734332, 3671.6145979058465, 1981.9889369873345, 2410.2855410188185, 1172.583839620374, 1850.7404944681505, 568.9134372136028, 4682.819190519144, 2832.4149354398555, 935.1252077575512, 2215.3522243527696, 183.81391778444845, 2386.1647085289974, 813.2326318601715, 276.5772445438649]",0.9425287356321839
12,0.9471264367816092
13,0.9471264367816092
"[15596.263488178065, 868.7599379259377, 1045.5786562707506, 2036.0812159930074, 623.8469235300715, 1839.8692250412287, 244.64224337721868, 4202.023462760792, 1758.0172830747501, 1066.941007758423, 1968.912572351786, 81.38360121072611, 1025.919491561191, 1386.1020386863302, 543.0904757576652]",0.9655172413793104
13,0.9471264367816092
"[77384.96935159303, 1749.2907472345, 639.1236760420616, 4620.47748704006, 2480.3149877198357, 6630.918726500854, 527.8565595726743, 4224.438433890522, 1513.3997229274457, 2318.0692227606955, 1290.7194589368078, 250.01825983803835, 655.9259141149912, 4459.073803024261, 680.592235290017]",0.9425287356321839
13,0.9471264367816092
"[54246.427263789825, 1597.8501405237994, 437.6656431733878, 5021.977524735661, 1609.7439909086013, 4438.090381843635, 552.1289746923559, 4921.763233247716, 2390.6968406326378, 1603.7084733009228, 2254.8296349660486, 449.3182326081628, 783.4600659568564, 3529.2254832982317, 1072.2069644654543]",0.9425287356321839
13,0.9471264367816092
"[51330.05815799521, 1267.110282476899, 325.67198605093506, 1656.3359631467633, 1326.999640128803, 4408.700702057578, 1410.4489840370825, 10042.088095269368, 5991.003900599468, 1125.5983484400447, 2752.2532004768664, 401.33754626731167, 3085.688378025712, 2627.3136773270653, 262.237855687934]",0.9425287356321839
13,0.9471264367816092
"[47641.06246060371, 2234.883436127442, 492.1808108380329, 2138.926875621859, 2279.427328669509, 3604.3228642227796, 1157.9721556212594, 6541.60797084126, 4150.758251956708, 1481.3154949625455, 2187.155208142954, 390.4201689553428, 2200.7326131416294, 2213.2799265411604, 440.729976004274]",0.9425287356321839
13,0.9471264367816092
"[42164.859981838665, 4034.094185734893, 2427.594021875496, 3470.00845427455, 927.9461168510979, 1108.4342851109946, 645.479379661336, 6652.391203755636, 1963.5860144526634, 918.8140241241558, 2549.368063507888, 148.10280321935073, 1493.1797668532333, 816.8986899169801, 276.7482626649719]",0.9425287356321839
13,0.9471264367816092
"[39746.89002633444, 752.0699795785576, 1126.4808158111248, 3190.915865497558, 1084.9899837718913, 4309.4957991603715, 398.2667139614344, 7542.9128594581725, 4285.050359421462, 1389.7162297605084, 2245.310152312146, 352.6383544085322, 1721.4775423205956, 5831.683634651425, 628.3373910011346]",0.9425287356321839
13,0.9471264367816092
"[38937.20782796909, 1988.3198072322411, 1653.7583112041161, 1704.8024966004937, 3322.9967576928134, 5717.9018368520665, 1561.711721466693, 2543.8523352456664, 2094.303580777977, 1426.0040802015728, 1925.3321921032118, 457.4974069723452, 4079.7917491795306, 2357.756201879087, 485.59995101754305]",0.9425287356321839
13,0.9471264367816092
"[35750.765443824705, 990.2522471892717, 853.5077329787684, 3765.019471960837, 1697.1807492672701, 6600.110977927047, 419.2982303563361, 9924.429536060423, 3679.7446296287135, 1636.592016887037, 1881.9151095072075, 308.765407456606, 1326.6162531062723, 6747.112790731775, 701.9328914738774]",0.9425287356321839
13,0.9471264367816092
14,0.9471264367816092
"[28576.48125352081, 2908.6725092271486, 1609.0898675855226, 1950.8772813549572, 3015.316217739113, 4739.445368190215, 1558.0571756669976, 1787.1702371281044, 1926.0623616989924, 1650.8763313592044, 2233.3560616226114, 363.1517347056072, 4756.168242100364, 2298.7734375363143, 314.8418327118547]",0.9655172413793104
14,0.9471264367816092
"[70478.05490004424, 1495.9098873909143, 593.0568279185846, 3933.8777857410323, 2671.597759546688, 9442.212884977896, 302.55333171621385, 3263.2015848205074, 1178.818426211302, 2776.6944333707506, 1477.526990632865, 191.64123429617945, 599.2350419874235, 2991.4010154783655, 739.522320295229]",0.9425287356321839
14,0.9471264367816092
"[69934.9889017418, 3902.2138053588824, 664.2894690874853, 2478.327049636965, 3797.7371384246017, 3084.9594782055374, 1035.403006143252, 8388.831608801502, 4290.229847880765, 2063.882819714465, 1340.9277385468367, 599.8660709160456, 1673.4951071494443, 3616.7942165962395, 534.5513365751622]",0.9425287356321839
14,0.9471264367816092
"[62771.00316931504, 1480.5659385895387, 355.2861853179491, 3635.69283402549, 2573.4360766995587, 13802.046644537004, 228.4110534130699, 2607.165559699395, 1723.2064552301695, 3638.817679433567, 1257.1261102676997, 199.15949442040983, 609.9079881655407, 2331.9378289511947, 837.0712531586919]",0.9425287356321839
14,0.9471264367816092
"[59232.78573121979, 914.6833784253024, 747.4889028208897, 1756.7004304756047, 1001.8648237101843, 3081.48313161849, 448.42393959377523, 11317.49220586803, 4810.306786328876, 1233.0411231878238, 3048.7116252128153, 198.48840360905632, 1883.3198986431007, 6365.853125172418, 756.6229627325455]",0.9425287356321839
14,0.9471264367816092
"[57670.68205219155, 2946.918520059799, 613.4997256980321, 2079.9683763300463, 3016.774979445754, 2715.237986324838, 1279.4228630736766, 6075.069977949677, 3228.2130669772005, 1915.7828478476501, 1987.0262679929026, 427.3151705418967, 1177.8759860218995, 2745.8616760565565, 431.3982239077958]",0.9425287356321839
14,0.9471264367816092
"[57409.51269344282, 1178.403327773247, 212.37315256998895, 2065.5173889757043, 1355.7968666427755, 2272.5644008109275, 984.8343052400134, 16115.870331252354, 10780.546316612217, 932.8721016634441, 4348.3656292949845, 715.3868082089039, 6356.185309734626, 4576.613947485511, 193.53806021224818]",0.9425287356321839
14,0.9471264367816092
"[50526.96553259346, 1038.9796506326636, 257.13348738500383, 1568.9708754327735, 1015.2646553657055, 3311.587634313309, 1356.647063869578, 10629.710059041867, 7921.930843314241, 1313.5589827738831, 3061.047851045888, 528.8515821357615, 4278.140145172349, 3180.7010863902105, 167.02118981475257]",0.9425287356321839
14,0.9471264367816092
"[49008.42056396243, 5990.693012939665, 3312.6303518373134, 3249.927412179198, 555.1940157681701, 1636.6176182982074, 850.7095246153987, 4559.683227213332, 1938.5063059143527, 1215.3041334781774, 1693.425102780601, 92.61450293586027, 2146.4255297743484, 787.5731178879288, 190.35814865578354]",0.9425287356321839
14,0.9471264367816092
15,0.9471264367816092
"[49008.42056396243, 5990.693012939665, 3312.6303518373134, 3249.927412179198, 555.1940157681701, 1636.6176182982074, 850.7095246153987, 4559.683227213332, 1938.5063059143527, 1215.3041334781774, 1693.425102780601, 92.61450293586027, 2146.4255297743484, 787.5731178879288, 190.35814865578354]",0.9655172413793104
15,0.9471264367816092
"[106891.57156769426, 4366.6191211986925, 832.5307501997984, 1017.1528333259256, 5488.71389457704, 2845.863977112798, 1168.966432292803, 12384.495724123204, 6829.166928957484, 3584.1206592364433, 922.5213921102101, 1127.6833039421967, 651.0064961355337, 1603.88876852954, 936.3260428699914]",0.9425287356321839
15,0.9471264367816092
"[98963.84916332427, 4071.2384893387484, 576.4558140004327, 1947.1624063639292, 4480.123042671775, 3417.660507678355, 896.8070752985159, 8529.92471010475, 6310.927471905885, 2510.5793522726935, 1712.7483676471452, 890.0942174277867, 897.8072371716659, 1882.3613971540647, 674.8127753689612]",0.9425287356321839
15,0.9471264367816092
"[86512.87845354297, 1370.7462675365273, 1102.7275815494509, 3497.481562835435, 1239.9097755857567, 5374.130140060697, 669.9451598505165, 5112.905820491123, 2776.943235775738, 866.6017435913118, 1336.8856125714751, 291.7407337676006, 2245.8504622354244, 5325.730381410397, 965.8694893839508]",0.9425287356321839
15,0.9471264367816092
"[82724.63285509264, 829.6168244417854, 284.7761492152862, 1268.4293386873217, 1354.7530327334107, 1416.689397927182, 1445.902575900012, 20871.385905554147, 10852.213305543199, 876.337729945614, 5976.043000698088, 913.0359326655708, 6354.795602686419, 5597.540000155697, 289.26634806066284]",0.9425287356321839
15,0.9471264367816092
"[80622.1326775157, 1349.797113025098, 846.3628203370602, 2401.9442079384726, 1207.0311307735474, 4116.967992640122, 492.03569800454477, 6593.340380183538, 5333.745155812799, 690.8983226600103, 2546.3263339686127, 216.92859978080023, 1882.757991592175, 8292.949466689453, 675.1478464648159]",0.9425287356321839
15,0.9471264367816092
"[72423.79932300406, 1284.307349968389, 983.5771627274137, 1903.8817507443935, 1315.1142779392765, 3186.7909843937214, 481.88307568451074, 7303.067682561732, 6231.480718847173, 1376.41653047498, 2548.79609950038, 201.78954392826307, 1018.3004442445094, 8976.249219809382, 649.0752126021773]",0.9425287356321839
15,0.9471264367816092
"[64905.085827969415, 1247.6284818869663, 3060.1109621835008, 2932.883067281846, 1744.4111565211504, 8254.1616900502, 2617.1590751116473, 4259.035212066389, 1927.0564067699625, 1263.4630793630758, 2602.4875049472853, 226.2393608345344, 1600.68569510253, 3865.751452731268, 643.4042638250722]",0.9425287356321839
15,0.9471264367816092
"[57670.68205219155, 2946.918520059799, 613.4997256980321, 2079.9683763300463, 3016.774979445754, 2715.237986324838, 1279.4228630736766, 6075.069977949677, 3228.2130669772005, 1915.7828478476501, 1987.0262679929026, 427.3151705418967, 1177.8759860218995, 2745.8616760565565, 431.3982239077958]",0.9425287356321839
15,0.9471264367816092
0,0.9080459770114941
"[0.7465634107259629, 0.21623490117179478, 1.3258892935096545, 1.2678990857080075, 1.8571226815213941, 0.9076461042110324, 0.22420134577107143, 0.8739288827640068, 0.8169885902047052, 0.8739050606067, 1.313872952179465, 1.4907021408102432, 0.9350557971976365, 0.7538372091070726, 0.5033748563095053]",0.9425287356321839
0,0.9080459770114941
"[0.7772244277629199, 0.28032385857138187, 0.6917582077195505, 1.970353633035201, 1.6941003369510423, 1.9157286830550027, 1.2422706960252825, 0.2833657382016028, 1.5021993936771576, 1.4552845860148391, 1.2937165188096138, 0.8961965601845483, 1.4702694639439573, 0.2773735226431566, 0.10032556148576188]",0.8620689655172413
0,0.9080459770114941
"[1.8359182191241292, 1.093422489703453, 0.6245566871708392, 1.9537549178613691, 1.7653687289418896, 0.8894260561942953, 0.21116343899342715, 0.2447944835153315, 0.457308189928991, 1.9876236096217297, 0.18648888884975512, 1.1297723161310194, 0.02679751280594167, 1.4727276626109325, 1.5237662224628983]",0.9080459770114943
0,0.9080459770114941
"[1.2125493810244492, 0.9448231319354787, 1.8456375258036803, 1.0579648955315022, 1.5332088175851033, 0.02770997788198515, 1.8529083131304407, 1.6383177798760011, 0.5237341939852915, 0.38948924126635776, 0.2718773382105526, 1.1060295330102652, 0.11784943631290545, 0.6311985410798973, 0.46829559967882184]",0.9425287356321839
0,0.9080459770114941
"[1.7411108544818394, 1.1672680676399716, 1.5406903739164626, 0.5108490042673735, 1.9466855443861704, 0.38723952039389054, 1.7049133830361505, 0.48451152123355445, 0.3643794357816177, 1.0153416468020402, 1.9193541680721684, 1.1291027399733071, 1.8432488260312376, 0.8101080534743095, 0.6148292766769021]",0.9425287356321839
0,0.9080459770114941
"[1.0678349544838202, 0.018865595017752756, 1.4395653703656246, 1.6080350528568343, 0.3861687345858522, 1.9184805058518397, 1.6247603754108146, 1.7160739292301213, 1.2559129397388684, 1.5419539736828505, 0.023067639192582146, 1.1759974274713674, 1.6424737800060343, 1.6771403824620505, 1.3383038521729471]",0.9425287356321839
0,0.9080459770114941
"[1.7492572371237294, 0.6220131491901293, 0.9599992206244436, 1.2994262200603552, 1.3429226213090653, 0.025790170486551744, 0.6185416114054352, 1.948661586397101, 0.486879197201302, 1.9048945006385223, 1.1990453324274435, 1.9876471145444903, 1.0682809602092203, 1.8252277832254105, 0.44205889536164356]",0.8735632183908046
0,0.9080459770114941
"[0.6301784716463179, 1.6529649812972889, 1.0359432713007886, 1.529745919725822, 1.8507703068288393, 0.05173032438320013, 0.29095645931926906, 0.7022801529954172, 1.2313246869011818, 1.715514095107954, 1.850926785020142, 0.9918222271096289, 1.1464005940422533, 1.5226684112333657, 0.2627763298156989]",0.9080459770114943
0,0.9080459770114941
"[0.8235078927015609, 0.19719826587730505, 1.4371145876581624, 1.6837161864767614, 1.1034950177740128, 1.5656954956155658, 0.7990071188957937, 0.07626780002361322, 0.8699016702736537, 0.34664142231684614, 1.8908442099027951, 0.49500701009970527, 0.7021946679663911, 1.0297519892551787, 1.7640752126411072]",0.9425287356321839
0,0.9080459770114941
1,0.9425287356321839
"[7.468081257658186, 4.16044119999155, 7.623782279388752, 3.3990920136969525, 6.125984715053759, 2.3490700490068783, 7.569124344893744, 6.681194977889431, 3.3243777390100915, 3.467575737550378, 2.0865294838129023, 7.349321447129971, 2.340794392884926, 3.6472771578555596, 4.292587226358329]",0.9425287356321839
1,0.9425287356321839
"[6.190497831104527, 3.901656068130054, 9.919131590851153, 5.000045453755383, 6.809401478361283, 2.581845451727963, 8.016721742384192, 5.193654007333022, 3.484899260614663, 2.8524831749900885, 2.348840582833752, 5.303450107862688, 1.7967278901154757, 2.941690648968933, 3.3279609907039913]",0.9425287356321839
1,0.9425287356321839
"[4.988200313125588, 6.54999569785882, 6.9974543829329825, 4.330017389173136, 7.783652018194161, 2.4842441116920444, 9.238764468297504, 5.361372508269304, 3.516218602773817, 2.806144572094027, 2.8943587555284216, 7.269395578954354, 2.1383923574585317, 3.047460284178172, 4.2253130779332455]",0.9425287356321839
1,0.9425287356321839
"[4.37907672769642, 4.676244068846143, 9.05084157216565, 4.352682013719234, 6.242768584382252, 2.5446706117743814, 7.800950988068896, 7.529971107040733, 2.8325715132872786, 4.220565179266901, 2.6194218161471636, 4.481188846303749, 2.1263400110490696, 3.3120769355441504, 4.165326908560325]",0.9425287356321839
1,0.9425287356321839
"[3.3814398682846925, 2.6939614660016176, 8.051989491677809, 2.539151815885085, 5.975898675457373, 0.08442738906819405, 6.743002560179577, 5.029440073062484, 2.04523306469469, 1.4261249786718126, 0.7241926953483109, 3.02634473873887, 0.30081732569116, 1.3548465091226816, 1.6755931577039065]",0.9425287356321839
1,0.9425287356321839
"[3.1240616476099348, 2.151032807229672, 2.485751099691044, 0.8728917216150031, 2.4342167653575935, 0.6076769078616385, 3.253177518801826, 0.9800624270680534, 0.4948213004541887, 1.3108512844161182, 2.9797813068291057, 1.8661720694475898, 3.962786614127876, 1.470576176527804, 1.0653142640494544]",0.9425287356321839
1,0.9425287356321839
"[3.120297249631637, 1.0843757349885201, 1.960341926258565, 2.845386145963275, 2.4325804099258255, 0.04490417263351258, 0.9992880179346473, 2.683588316497726, 0.8909500721454638, 3.7979713408564875, 2.6356414559686274, 3.540281721302107, 1.4417734438794425, 3.3597129352520394, 0.6111682706551699]",0.9425287356321839
1,0.9425287356321839
"[3.0475763848515274, 2.114345565212432, 1.2684499338819262, 3.8102056393350097, 3.5192093419307477, 1.4151617386400284, 0.3153140730237638, 0.5019201830864045, 0.7108734616586337, 3.3608270673082843, 0.3417615776918245, 1.8561966914997439, 0.05949955918791787, 2.0482910655641398, 2.1890993686531353]",0.9425287356321839
1,0.9425287356321839
"[2.577363852635904, 0.07126008274110705, 5.012195211328337, 4.987216620110425, 1.5221558964790463, 5.6026058638725305, 6.148053006930498, 3.688025874739171, 5.386226083480459, 3.2911338938697, 0.09979117103865703, 3.539743612535389, 4.6808575162400015, 4.571508429079737, 4.660085932371167]",0.9425287356321839
1,0.9425287356321839
2,0.9425287356321839
"[14.957959134128362, 4.666691315973882, 15.998973024251292, 9.501187128101376, 21.50563904256481, 7.519577760967151, 11.621873938208777, 12.313441831232078, 3.8001604873118824, 5.99857994831698, 4.0632410029144985, 12.549135033504509, 4.460274820435445, 6.525163506316671, 10.321828932201825]",0.9425287356321839
2,0.9425287356321839
"[13.998092843487527, 4.698136879909104, 11.318969925976072, 3.3603821007562367, 10.469090416368205, 3.602806844031482, 14.31665080508087, 10.483800389461498, 5.101795769909028, 6.106999149643849, 2.304857924306297, 7.62897441969549, 2.5191693419097128, 5.895023108415094, 4.215536110870272]",0.9425287356321839
2,0.9425287356321839
"[13.026766210270225, 8.85514826115716, 11.601649362507013, 7.100458164086289, 8.983107760782348, 4.360944048165796, 15.483234949602311, 13.43522902998788, 9.271105806277816, 4.87575954935784, 9.00256600578646, 21.813372938667875, 2.180972232102846, 5.962337268930847, 7.807754690638392]",0.9425287356321839
2,0.9425287356321839
"[12.374940069309256, 5.266020448242786, 18.95724850828948, 10.317669815154542, 18.934058431185896, 4.52064300470655, 13.063221057588645, 10.482297709655864, 4.758735938863513, 5.326915151522318, 4.4508157014323215, 11.087088370677076, 3.2529199478875626, 5.057322270947936, 9.076418332850631]",0.9425287356321839
2,0.9425287356321839
"[11.156752956029784, 4.638666490345577, 10.762236930904661, 6.4566412637536885, 11.661485138082101, 4.30353305654378, 7.5767573724537165, 9.888546580443307, 3.639678129814735, 3.8237166121346773, 3.1559041004846726, 6.786609197932426, 3.141840574285917, 4.122319155757316, 8.089375978515598]",0.9425287356321839
2,0.9425287356321839
"[9.510036598759648, 8.673034141606486, 12.378137216295347, 4.6223800409446545, 9.275128266786298, 3.6437012377756783, 14.38272727338816, 9.794072876697152, 5.365165569981576, 4.555747808258998, 5.279913846619912, 12.665624578464215, 2.0256170558301108, 3.710672639515284, 7.249879050555777]",0.9425287356321839
2,0.9425287356321839
"[8.232330936522507, 5.668661873027925, 11.124625096528352, 5.513103166547778, 11.201680891231725, 3.0086654138956, 14.695489834563872, 8.59162235429644, 4.9330672555736985, 5.984690360543806, 3.6633877443600595, 6.666604468367838, 2.6405704685036095, 3.2142226278603183, 4.8800875601084535]",0.9425287356321839
2,0.9425287356321839
"[8.04302699225352, 5.9467094099738524, 11.40862869785773, 9.239965903314408, 6.610517717134437, 3.8656113757660986, 8.52274320267165, 7.733892259173338, 6.002161830995535, 5.1077413851751245, 2.377692550520624, 6.410614701042858, 2.3629773422343927, 3.7621589031553517, 3.4974031720598835]",0.9425287356321839
2,0.9425287356321839
"[7.575094594947837, 4.694545483283342, 11.25506934621904, 5.493528949314558, 12.893526591420176, 2.6763931543464814, 12.178600897390229, 5.899256102656386, 4.969528359658271, 5.267199479149651, 3.240267231569936, 8.739626012857965, 1.7846772035963232, 3.9944148086934357, 5.718334383339962]",0.9425287356321839
2,0.9425287356321839
3,0.9425287356321839
"[38.01235897323012, 11.236288859752072, 16.02580833324056, 6.35271303621196, 10.466721042661657, 9.156208389839021, 29.77171664172088, 10.293682789182727, 9.428956667182089, 4.7905829623195615, 4.989489141640563, 18.1646621068711, 4.385609008318712, 14.459929303299994, 7.482045463432758]",0.9425287356321839
3,0.9425287356321839
"[33.80237095376378, 3.8329030555790236, 14.846528083930014, 2.89561690257719, 15.861430401457046, 7.503249267764127, 11.558711715615456, 25.74875315352066, 5.662598557202114, 4.753559168856325, 3.580823215783251, 6.048563283584981, 2.8025275994316603, 12.233994933198076, 7.67276390362601]",0.9425287356321839
3,0.9425287356321839
"[24.645297425414334, 10.971357055465845, 26.928436244763304, 8.491185800329522, 21.635918144967974, 8.94149289321108, 9.727853003017165, 27.176545748928795, 12.902464767113926, 6.367140309613143, 7.824085509220005, 28.82421879976291, 3.816402316830139, 14.47653770491403, 12.037637735420923]",0.9425287356321839
3,0.9425287356321839
"[22.738903626871544, 7.810831832791921, 19.101469318742154, 14.12257939473177, 19.81496147429668, 10.927529068965123, 9.374897241214402, 20.496166756201134, 3.991444713697761, 10.151239058264371, 4.138444998898658, 11.123292172580406, 6.766756049646626, 8.478370420574251, 8.970551994835517]",0.9425287356321839
3,0.9425287356321839
"[22.111754177079074, 4.921935777735434, 9.647585800513918, 2.9133642799534, 15.70518851845178, 5.700437327048516, 11.162894990753427, 16.436972556634757, 7.844051272073866, 5.316953915723425, 2.1509263986052183, 6.14123844614021, 2.4995014859231146, 8.894584321540702, 4.736883857077327]",0.9425287356321839
3,0.9425287356321839
"[20.696020331167944, 4.281090524307033, 20.91177946301756, 7.456510054264077, 15.624847013280597, 6.5603671760897, 13.438057595009024, 15.783952115183427, 4.267706273366742, 5.778085528845639, 3.61272428455627, 8.361234310397688, 5.564119177011535, 3.8858125532222663, 11.14910065373038]",0.9425287356321839
3,0.9425287356321839
"[17.772938395505985, 12.009575551440882, 32.64923483369654, 15.356363784260497, 30.07444088395448, 9.78402003717283, 14.891489735786081, 17.432457003683165, 5.415847829596705, 14.312864169297193, 5.430773595412711, 18.573235368115906, 7.638034334186491, 14.022006258149126, 13.46242067583515]",0.9425287356321839
3,0.9425287356321839
"[16.95930288927313, 11.045112740033474, 17.092418569323193, 10.526828734590431, 13.495273387162047, 5.967368321156206, 11.518660939589637, 20.23277156008429, 14.143305207263836, 4.073228513585771, 7.024504373883051, 28.849723933278415, 3.312210563554137, 9.025430211388393, 9.120780927803732]",0.9425287356321839
3,0.9425287356321839
"[15.462809096860452, 3.406074895685226, 22.10114925212967, 10.491235476194316, 24.66349393954474, 4.706389420113276, 11.959448673023433, 22.369247489939212, 6.727605759053368, 5.183514815904854, 3.902492995422116, 11.256684767889967, 5.474683539976576, 3.0219347033827493, 8.430455447313753]",0.9425287356321839
3,0.9425287356321839
4,0.9425287356321839
"[60.372228703068814, 3.159227044940013, 21.832649056506078, 4.017922762579342, 16.990426812210288, 12.666027566693268, 7.380259098997961, 14.77953059108988, 4.287602853229153, 9.635400293439227, 2.8578974629847838, 11.09671346621533, 4.111567462794686, 10.667994168994554, 3.382746797448793]",0.9425287356321839
4,0.9425287356321839
"[60.355581545992194, 18.168946988727125, 32.081031376645925, 12.788139056344136, 15.67074742576565, 18.20290350417229, 70.61779701129211, 12.716659130141064, 15.859095240151106, 2.7168587657927654, 6.9955256804375665, 19.295552370735123, 3.0463854469428835, 21.2048940038146, 14.225613522602732]",0.9425287356321839
4,0.9425287356321839
"[51.666937332581, 12.371373382677756, 17.29839421903202, 9.437783789130341, 11.976386670661272, 11.102012647134714, 19.997214656290655, 15.961439140892686, 14.833677600733314, 3.471192136344082, 5.608837743491023, 21.028982712555994, 6.367174872539669, 16.04992847786505, 9.48223439672455]",0.9425287356321839
4,0.9425287356321839
"[40.434753987066706, 4.8211559251769796, 15.376430965917201, 2.737540949817305, 22.112125414808077, 10.838350892982115, 10.309007184065335, 18.00515928771839, 5.579420367751995, 6.994412576673557, 4.163612711537033, 7.173215032179165, 3.1021691859242173, 9.31945773718126, 5.439523555214904]",0.9425287356321839
4,0.9425287356321839
"[39.697413959678, 8.234978876020635, 22.097275416124916, 6.294974175806046, 17.022383902760065, 10.391022986515486, 19.233044980520905, 16.040043535389447, 11.05976755127452, 4.957530808745184, 6.4186272985482296, 23.489437477720827, 7.312268755125315, 18.48865645346195, 9.72253659211438]",0.9425287356321839
4,0.9425287356321839
"[29.432019197698004, 4.354382904802837, 32.178106666306405, 4.5443214134753465, 11.088373676584354, 10.10090317942953, 18.287013754397158, 11.06073188811899, 2.8278022285751963, 8.98148094354708, 5.112454940371407, 11.09005842175237, 8.238385216046197, 6.1162178333057735, 16.547423518343138]",0.9425287356321839
4,0.9425287356321839
"[24.957357081744476, 14.990274997428376, 11.169053881990012, 6.3942303737775505, 15.095911991554459, 5.227764995813878, 13.42663949244089, 21.124392466927, 16.972635951314732, 6.429651433503665, 5.91095853713053, 27.5334278207162, 4.735051486018843, 5.345700726625678, 13.892593033086964]",0.9425287356321839
4,0.9425287356321839
"[23.16191748867832, 2.9641927329659654, 24.771614850331947, 15.41077538781483, 29.11446360137353, 7.171206894885261, 18.836226969349994, 34.83602918908684, 8.794712748350346, 6.3684730862175, 3.6664074818032812, 10.364722963478425, 5.826518898917341, 4.079412490942614, 7.591986448256413]",0.9425287356321839
4,0.9425287356321839
"[22.827193062544733, 3.5964892098827264, 9.089388919436608, 2.0719315117009964, 18.552321403096144, 8.598200261774963, 10.539661908405682, 11.970369884532357, 10.398661676466777, 8.335389995142751, 1.4274015681925292, 8.046329332779688, 1.6334950534152552, 8.683900290754574, 4.501599900374515]",0.9425287356321839
4,0.9425287356321839
5,0.9425287356321839
"[53.423051315309664, 2.680143602814529, 15.204937157775515, 5.10139266168083, 13.071728057382707, 13.39659693449117, 10.350825826315216, 10.649002765454695, 6.161393580427279, 8.417999671761379, 2.5431644659579558, 11.83005442217912, 5.161105801865542, 12.602748214490603, 4.169391356347297]",0.9425287356321839
5,0.9425287356321839
"[49.881339276995284, 13.054813052666743, 24.56329755866176, 8.783478714819942, 24.080905896459782, 17.760580091306807, 35.959563891248465, 9.870324980099387, 7.746835617647115, 1.933810866911268, 4.708828491930766, 19.392570428824374, 6.178359731526641, 21.549810505641545, 17.443238827408997]",0.9425287356321839
5,0.9425287356321839
"[49.29716649866661, 4.7627116977803405, 12.60150707579128, 8.07112450247735, 16.75345030624837, 5.74066880502481, 16.590354474465997, 10.411572814455177, 12.274185869710527, 5.910024302805866, 5.653928891109318, 26.450218601044412, 8.58097772016469, 10.699823331078681, 7.3161516961490545]",0.9425287356321839
5,0.9425287356321839
"[44.7915627309237, 15.502947862469384, 38.037792049908475, 12.763139825768201, 21.88237199646627, 18.749790030524032, 74.39980003287991, 10.874980005214375, 9.9210976253185, 3.786024528412387, 5.063727708550653, 11.24470079706597, 4.509850430606061, 17.162142572176883, 18.037516533212738]",0.9425287356321839
5,0.9425287356321839
"[34.910583320602704, 15.593709841888046, 55.598857165702164, 10.28760300935561, 25.981455774682704, 27.424723239005402, 43.761127713287664, 12.493795429533437, 6.295386748982514, 3.3279186256216717, 6.177918230093052, 16.556016402374, 4.487444427588683, 15.739987460597927, 18.936364621190837]",0.9425287356321839
5,0.9425287356321839
"[34.073874247560234, 3.6700569092639963, 16.89645104629031, 2.5799485722555304, 13.395188665160802, 8.186827041213391, 13.95000630290314, 13.873016595017756, 5.368081923574924, 5.176942872724259, 2.815524408891169, 10.362185204030576, 2.704085716233603, 13.70963485932829, 3.7547917360036216]",0.9425287356321839
5,0.9425287356321839
"[30.45907164174433, 5.031996572064105, 5.1047998899257845, 2.674427303790666, 18.45666142792698, 12.811715431051532, 6.428533813199831, 6.879932016442502, 11.166221580355916, 5.075596751233578, 1.25335097899432, 9.91996211017194, 1.3326490395077373, 12.144269290115583, 5.289022417383826]",0.9425287356321839
5,0.9425287356321839
"[29.432019197698004, 4.354382904802837, 32.178106666306405, 4.5443214134753465, 11.088373676584354, 10.10090317942953, 18.287013754397158, 11.06073188811899, 2.8278022285751963, 8.98148094354708, 5.112454940371407, 11.09005842175237, 8.238385216046197, 6.1162178333057735, 16.547423518343138]",0.9425287356321839
5,0.9425287356321839
"[29.432019197698004, 4.354382904802837, 32.178106666306405, 4.5443214134753465, 11.088373676584354, 10.10090317942953, 18.287013754397158, 11.06073188811899, 2.8278022285751963, 8.98148094354708, 5.112454940371407, 11.09005842175237, 8.238385216046197, 6.1162178333057735, 16.547423518343138]",0.9425287356321839
5,0.9425287356321839
